track_id,batch_id,temp
0,0,-0.5051282051282063
0,1,0.38717948717948486
1,0,-0.861904761904763
1,1,0.2976190476190476
1,2,-0.13809523809523702
1,3,-0.23809523809523808
2,0,0.07333333333333232
2,1,0.11777777777778183
2,2,0.21777777777777677
2,3,0.053333333333330304
2,4,-0.24444444444444444
2,5,0.19111111111111415
3,0,-0.23043478260869368
3,1,0.17608695652173714
3,2,-0.11086956521738933
3,3,-0.09347826086956423
3,4,-0.08695652173913043
3,5,-0.3739130434782619
3,6,0.08043478260869664
3,7,0.16956521739130337
4,0,0.41458333333333525
4,1,-0.2562500000000038
4,2,0.16666666666666666
4,3,-0.1875
4,4,0.25208333333333616
4,5,-0.17291666666666572
4,6,0.25
4,7,-0.2645833333333343
4,8,0.7020833333333343
4,9,-0.4791666666666667
5,0,-0.17291666666666572
5,1,-0.7562499999999991
5,2,0.3854166666666667
5,3,-0.19791666666666666
5,4,0.14374999999999716
5,5,-0.7270833333333305
5,6,0.22916666666666666
5,7,0.34583333333333144
5,8,-0.7166666666666638
5,9,0.5979166666666629
5,10,-0.014583333333329543
5,11,0.0020833333333314386
6,0,0.3897959183673497
6,1,-0.21632653061224769
6,2,0.6285714285714323
6,3,-0.8204081632653071
6,4,0.07346938775510019
6,5,0.2591836734693887
6,6,0.02040816326530612
6,7,0.19387755102040816
6,8,0.044897959183674396
6,9,0.17142857142856865
6,10,0.15306122448979592
6,11,-0.3673469387755102
6,12,-0.07142857142857142
6,13,0.024489795918368275
7,0,0.02040816326530612
7,1,-0.3938775510204072
7,2,-0.2734693877551039
7,3,-0.08367346938775325
7,4,-0.3755102040816345
7,5,0.05510204081632746
7,6,0.25510204081632654
7,7,-0.3163265306122449
7,8,-0.026530612244897032
7,9,0.30612244897959184
7,10,0.20408163265306123
7,11,-0.04081632653061224
7,12,0.2979591836734675
7,13,-0.38979591836734506
7,14,0.1510204081632625
7,15,-0.21632653061224305
8,0,0.35102040816326624
8,1,0.1510204081632625
8,2,-0.1326530612244898
8,3,0.08979591836734879
8,4,-0.14285714285714285
8,5,-0.053061224489794064
8,6,-0.16938775510204454
8,7,0.16734693877551113
8,8,0.23877551020408255
8,9,0.22040816326530518
8,10,-0.24489795918367346
8,11,-0.13469387755101855
8,12,0.39999999999999813
8,13,0.10000000000000185
8,14,-0.1551020408163293
8,15,-0.028571428571425788
8,16,0.03469387755102134
8,17,-0.11632653061224582
9,0,0.4000000000000028
9,1,0.05510204081632282
9,2,-0.14897959183673376
9,3,-0.6102040816326503
9,4,-0.3897959183673497
9,5,0.19999999999999907
9,6,0.35306122448979965
9,7,0.085714285714282
9,8,-0.034693877551016696
9,9,-0.05102040816326531
9,10,0.248979591836731
9,11,-0.4979591836734666
9,12,0.04897959183673191
9,13,0.24897959183673563
9,14,0.1265306122448989
9,15,-0.19795918367347032
9,16,-0.006122448979590908
9,17,-0.04693877551020315
9,18,-0.3673469387755102
9,19,0.42448979591836644
10,0,0.5787234042553153
10,1,0.26170212765957834
10,2,-0.5446808510638327
10,3,0.014893617021277563
10,4,-0.0617021276595764
10,5,0.3489361702127679
10,6,-0.33191489361701937
10,7,0.5255319148936132
10,8,-0.19574468085105995
10,9,-0.04680851063829884
10,10,0.14255319148936266
10,11,-0.30851063829787234
10,12,0.5510638297872311
10,13,-0.2617021276595735
10,14,0.476595744680853
10,15,-0.6702127659574468
10,16,0.32127659574467893
10,17,0.21063829787234237
10,18,-0.4744680851063868
10,19,0.23404255319148937
10,20,0.05531914893617312
10,21,0.05319148936170213
10,22,-0.20000000000000193
11,0,-0.1479166666666695
11,1,0.09791666666666761
11,2,-0.19166666666666762
11,3,-0.3374999999999962
11,4,0.006249999999999052
11,5,-0.07500000000000284
11,6,0.19583333333333522
11,7,-0.03125
11,8,-0.020833333333333332
11,9,0.012499999999998105
11,10,0.3500000000000038
11,11,-0.22500000000000378
11,12,0.13333333333333522
11,13,-0.16249999999999906
11,14,-0.3625000000000019
11,15,0.039583333333335226
11,16,0.3333333333333333
11,17,-0.13124999999999906
11,18,-0.09166666666666856
11,19,0.18333333333333238
11,20,-0.6166666666666648
11,21,0.5812499999999972
11,22,0.13541666666666666
11,23,0.07291666666666667
11,24,-0.46666666666666384
12,0,-0.18124999999999622
12,1,0.04791666666666572
12,2,0.09583333333333144
12,3,-0.3645833333333333
12,4,0.20000000000000284
12,5,-0.06458333333333617
12,6,0.23125000000000284
12,7,-0.17083333333333428
12,8,0.09583333333333144
12,9,0.03333333333333618
12,10,0.03333333333333144
12,11,0.3291666666666657
12,12,0.018750000000001894
12,13,0.04583333333333428
12,14,-0.23125000000000284
12,15,0.3583333333333343
12,16,-0.4166666666666667
12,17,0.18541666666666856
12,18,0.17916666666666478
12,19,-0.052083333333333336
12,20,-0.15625
12,21,0.31041666666666856
12,22,0.1875
12,23,0.13958333333332953
12,24,-0.22083333333333144
12,25,-0.59375
12,26,0.8229166666666666
13,0,-0.19583333333333522
13,1,0.09583333333333617
13,2,-0.3895833333333343
13,3,0.11458333333333333
13,4,-0.30625000000000097
13,5,0.07499999999999811
13,6,0.4020833333333371
13,7,0.32708333333332956
13,8,-0.3791666666666629
13,9,-0.05833333333333712
13,10,-0.3166666666666629
13,11,0.5854166666666648
13,12,-0.19166666666666762
13,13,-0.30416666666666475
13,14,0.1687499999999981
13,15,0.037499999999999055
13,16,-0.0020833333333314386
13,17,-0.37708333333333144
13,18,0.012499999999998105
13,19,0.008333333333335228
13,20,0.0020833333333314386
13,21,0.11666666666666477
13,22,-0.24583333333333238
13,23,0.28333333333333616
13,24,0.07291666666666667
13,25,-0.027083333333337123
13,26,0.13333333333333522
13,27,0.4520833333333343
13,28,-0.5833333333333334
14,0,0.3395833333333324
14,1,-0.23541666666666572
14,2,-0.15416666666666382
14,3,0.029166666666663826
14,4,-0.1687499999999981
14,5,0.14374999999999716
14,6,-0.06874999999999905
14,7,0.02916666666666856
14,8,0.052083333333333336
14,9,0.2312499999999981
14,10,-0.5791666666666657
14,11,0.8312500000000019
14,12,-0.23333333333333428
14,13,0.10833333333333428
14,14,-0.04791666666667046
14,15,-0.07291666666666667
14,16,0.03125
14,17,0.08125000000000189
14,18,0.30416666666666475
14,19,-0.45208333333332956
14,20,0.34166666666666384
14,21,0.12916666666666762
14,22,0.6062499999999981
14,23,-0.06874999999999905
14,24,-0.96875
14,25,0.48125000000000284
14,26,0.02499999999999621
14,27,-0.17499999999999716
14,28,-0.41458333333333525
14,29,0.008333333333335228
14,30,0.8166666666666677
15,0,0.07499999999999811
15,1,-0.14791666666666478
15,2,-0.11250000000000189
15,3,-0.2624999999999981
15,4,-0.34166666666666856
15,5,0.31458333333333616
15,6,-0.11041666666666572
15,7,-0.16041666666666762
15,8,0.5354166666666677
15,9,-0.052083333333333336
15,10,-0.15000000000000094
15,11,-0.2854166666666676
15,12,0.13541666666666666
15,13,-0.13958333333333428
15,14,-0.15208333333333238
15,15,0.3229166666666667
15,16,-0.3125
15,17,0.34375
15,18,0.07916666666666572
15,19,-0.0020833333333314386
15,20,-0.23333333333333428
15,21,-0.0500000000000019
15,22,-0.22499999999999906
15,23,0.3083333333333324
15,24,-0.4416666666666629
15,25,0.07499999999999811
15,26,0.2708333333333333
15,27,-0.22291666666666762
15,28,0.21875
15,29,-0.17916666666666478
15,30,-0.09791666666666761
16,0,0.49375000000000097
16,1,-0.027083333333332387
16,2,-0.4104166666666676
16,3,0.19374999999999906
16,4,0.06458333333333617
16,5,0.035416666666667616
16,6,-0.11041666666667045
16,7,0.10625000000000284
16,8,0.01458333333333428
16,9,-0.11458333333333333
16,10,0.16041666666666288
16,11,0.11041666666667045
16,12,0.3395833333333324
16,13,-0.3000000000000019
16,14,-0.10624999999999811
16,15,0.12708333333333144
16,16,-0.06874999999999905
16,17,0.02916666666666856
16,18,0.28333333333333144
16,19,0.0437499999999981
16,20,-0.01666666666666572
16,21,-0.11458333333333333
16,22,0.25
16,23,0.23333333333333428
16,24,-0.5374999999999991
16,25,-0.3229166666666667
16,26,0.9124999999999991
16,27,0.02500000000000095
16,28,-0.38750000000000284
16,29,0.28333333333333616
16,30,-0.15833333333333618
17,0,-0.24791666666666856
17,1,0.052083333333333336
17,2,0.020833333333333332
17,3,0.10208333333333523
17,4,-0.25833333333333525
17,5,0.24375000000000094
17,6,-0.2062500000000019
17,7,-0.22291666666666762
17,8,0.19166666666666762
17,9,-0.10624999999999811
17,10,-0.25208333333333616
17,11,-0.03541666666666288
17,12,0.48749999999999716
17,13,-0.6979166666666666
17,14,0.0625
17,15,-0.3083333333333324
17,16,0.5791666666666657
17,17,-0.056250000000000945
17,18,0.1000000000000038
17,19,-0.26666666666667044
17,20,-0.008333333333330492
17,21,0.27916666666666384
17,22,-0.7520833333333314
17,23,0.2916666666666667
17,24,0.18333333333333238
17,25,0.11041666666666572
17,26,0.14583333333333334
17,27,-0.36666666666666475
17,28,0.2312499999999981
17,29,0.16875000000000284
17,30,0.21666666666666382
18,0,0.058333333333332384
18,1,-0.22916666666666666
18,2,-0.039583333333330493
18,3,-0.06874999999999905
18,4,-0.04375000000000284
18,5,-0.22916666666666666
18,6,0.058333333333332384
18,7,-0.052083333333333336
18,8,-0.3020833333333333
18,9,0.43125000000000097
18,10,0.07708333333333428
18,11,-0.13124999999999906
18,12,0.44374999999999903
18,13,-0.3166666666666676
18,14,0.16458333333333522
18,15,-0.12291666666666856
18,16,0.035416666666667616
18,17,-0.04583333333333428
18,18,0.23958333333333334
18,19,-0.06666666666666761
18,20,0.22500000000000378
18,21,-0.15833333333333618
18,22,-0.09583333333333144
18,23,0.125
18,24,0.49166666666666475
18,25,-0.125
18,26,0.0500000000000019
18,27,-0.2062500000000019
18,28,0.01666666666666572
18,29,0.054166666666669507
18,30,0.4458333333333305
19,0,0.2562500000000038
19,1,0.17916666666666478
19,2,-0.7270833333333352
19,3,-0.010416666666666666
19,4,0.008333333333335228
19,5,0.3333333333333333
19,6,-0.35208333333333525
19,7,-0.09375
19,8,0.06666666666666761
19,9,0.04791666666666572
19,10,-0.09166666666666383
19,11,0.17083333333333428
19,12,-0.1479166666666695
19,13,0.13750000000000284
19,14,-0.41875000000000284
19,15,0.04375000000000284
19,16,0.020833333333333332
19,17,-0.32916666666667044
19,18,0.12916666666666762
19,19,0.10416666666666667
19,20,0.25833333333333525
19,21,-0.03125
19,22,-0.6041666666666666
19,23,0.5520833333333334
19,24,0.012499999999998105
19,25,0.08750000000000095
19,26,-0.09791666666666761
19,27,0.06666666666666761
19,28,-0.09166666666666856
19,29,0.47708333333333525
19,30,-0.22916666666666666
20,0,0.27916666666666384
20,1,-0.5562499999999962
20,2,0.1875
20,3,-0.00625000000000379
20,4,-0.3395833333333324
20,5,0.3937500000000019
20,6,-0.3312500000000019
20,7,-0.1333333333333305
20,8,0.8374999999999962
20,9,-0.3166666666666629
20,10,-0.15833333333333618
20,11,0.07291666666666667
20,12,0.34583333333333616
20,13,-0.1875
20,14,-0.1479166666666695
20,15,-0.15833333333333144
20,16,0.3541666666666667
20,17,-0.07500000000000284
20,18,0.15000000000000094
20,19,-0.1687499999999981
20,20,0.3291666666666657
20,21,-0.15208333333333238
20,22,0.45624999999999716
20,23,-0.25
20,24,-0.20624999999999716
20,25,0.4854166666666657
20,26,-0.49375000000000097
20,27,-0.2854166666666676
20,28,0.5729166666666666
20,29,-0.07708333333332955
20,30,-0.33750000000000097
21,0,0.10208333333333523
21,1,-0.7750000000000009
21,2,0.09999999999999905
21,3,-0.05624999999999621
21,4,-0.12708333333333618
21,5,-0.04583333333333428
21,6,-0.30416666666666475
21,7,0.15000000000000094
21,8,-0.18333333333333238
21,9,0.08958333333333239
21,10,0.13541666666666666
21,11,-0.25
21,12,-0.1479166666666695
21,13,0.18958333333333618
21,14,0.1333333333333305
21,15,0.00625000000000379
21,16,-0.054166666666669507
21,17,0.4541666666666657
21,18,-0.29999999999999716
21,19,-0.375
21,20,0.6479166666666648
21,21,-0.4020833333333324
21,22,0.4416666666666676
21,23,-0.6645833333333352
21,24,0.5750000000000028
21,25,-0.21875
21,26,-0.02916666666666856
21,27,-0.02291666666666477
21,28,0.24374999999999622
21,29,0.07708333333333428
21,30,0.14583333333333334
22,0,0.9270833333333334
22,1,-0.78125
22,2,0.40833333333333144
22,3,-0.5124999999999981
22,4,-0.058333333333332384
22,5,-0.04375000000000284
22,6,0.5062500000000038
22,7,-0.12916666666666762
22,8,-0.4416666666666676
22,9,0.9229166666666657
22,10,-0.4416666666666676
22,11,-0.1687499999999981
22,12,0.3479166666666676
22,13,-0.2916666666666667
22,14,0.3229166666666667
22,15,0.09166666666666383
22,16,-0.12708333333333144
22,17,0.09166666666666856
22,18,-0.26666666666667044
22,19,0.2770833333333371
22,20,-0.0020833333333361756
22,21,-0.004166666666667614
22,22,0.11458333333333333
22,23,-0.05624999999999621
22,24,0.3708333333333324
22,25,-0.7333333333333343
22,26,0.38333333333333525
22,27,-0.11250000000000189
22,28,0.3125
22,29,-0.10416666666666667
22,30,-0.2375000000000019
23,0,-0.027083333333332387
23,1,0.38124999999999903
23,2,-0.5041666666666629
23,3,-0.039583333333335226
23,4,-0.11666666666666477
23,5,0.06666666666666288
23,6,0.04791666666667046
23,7,-0.32500000000000284
23,8,-0.052083333333333336
23,9,-0.006249999999999052
23,10,0.21041666666666478
23,11,-0.17499999999999716
23,12,0.17291666666666572
23,13,0.12916666666666762
23,14,-0.19374999999999906
23,15,0.1333333333333305
23,16,-0.2895833333333305
23,17,-0.17083333333333428
23,18,0.13541666666666666
23,19,0.20624999999999716
23,20,0.5979166666666677
23,21,-0.2916666666666667
23,22,-0.16249999999999906
23,23,-0.1875
23,24,0.04791666666666572
23,25,0.11875000000000095
23,26,-0.22916666666666666
23,27,-0.13124999999999906
23,28,0.42499999999999716
23,29,0.17083333333333428
23,30,-0.07083333333333049
24,0,-0.20624999999999716
24,1,-0.37291666666666856
24,2,0.10208333333333523
24,3,-0.6479166666666695
24,4,0.8770833333333362
24,5,-0.31458333333333616
24,6,-0.14374999999999716
24,7,-0.07500000000000284
24,8,-0.027083333333332387
24,9,0.15833333333333618
24,10,-0.09166666666666856
24,11,0.17916666666666478
24,12,0.22500000000000378
24,13,-0.2416666666666695
24,14,0.15000000000000094
24,15,-0.36666666666666475
24,16,0.49791666666666384
24,17,-0.17916666666666478
24,18,-0.08750000000000095
24,19,-0.06041666666666856
24,20,0.1000000000000038
24,21,0.020833333333333332
24,22,0.4166666666666667
24,23,-0.1479166666666695
24,24,0.0020833333333361756
24,25,0.05624999999999621
24,26,-0.11249999999999716
24,27,0.09999999999999905
24,28,-0.012499999999998105
24,29,0.15208333333333238
24,30,-0.2104166666666695
25,0,0.1333333333333305
25,1,-0.2541666666666676
25,2,-0.12083333333333239
25,3,-0.1687499999999981
25,4,-0.039583333333335226
25,5,-0.3916666666666657
25,6,0.3541666666666667
25,7,-0.34375
25,8,0.22291666666666762
25,9,-0.13333333333333522
25,10,-0.12291666666666383
25,11,0.3874999999999981
25,12,-0.20833333333333334
25,13,0.06458333333333144
25,14,0.11458333333333333
25,15,-0.14374999999999716
25,16,-0.08541666666666951
25,17,0.01458333333333428
25,18,-0.13958333333333428
25,19,0.3083333333333371
25,20,0.22291666666666288
25,21,-0.34166666666666384
25,22,-0.3854166666666667
25,23,0.3645833333333333
25,24,0.0020833333333314386
25,25,0.06874999999999905
25,26,0.054166666666669507
25,27,0.20624999999999716
25,28,-0.18333333333333238
25,29,0.15416666666666856
25,30,-0.14583333333333334
26,0,-0.01666666666666572
26,1,0.054166666666664774
26,2,-0.18333333333333238
26,3,-0.6583333333333362
26,4,0.3500000000000038
26,5,-0.4375
26,6,0.48749999999999716
26,7,0.5999999999999991
26,8,-0.4166666666666667
26,9,-0.14166666666666572
26,10,0.008333333333335228
26,11,-0.06458333333333617
26,12,0.29791666666667044
26,13,-0.18333333333333712
26,14,-0.1187499999999962
26,15,0.06458333333333144
26,16,-0.12708333333333144
26,17,0.18333333333333238
26,18,-0.11458333333333333
26,19,-0.0020833333333361756
26,20,0.03333333333333618
26,21,0.23333333333333428
26,22,0.14583333333333334
26,23,-0.052083333333333336
26,24,0.12083333333333239
26,25,-0.03125
26,26,0.17291666666666572
26,27,0.07291666666666667
26,28,0.10208333333333523
26,29,-0.3354166666666695
26,30,0.23333333333333428
27,0,-0.35208333333333525
27,1,0.054166666666669507
27,2,-0.06874999999999905
27,3,-0.10833333333333428
27,4,-0.2104166666666695
27,5,-0.6062499999999981
27,6,0.4895833333333333
27,7,-0.6270833333333314
27,8,0.17083333333332953
27,9,-0.07083333333333049
27,10,0.0020833333333314386
27,11,0.18541666666666856
27,12,-0.041666666666666664
27,13,0.12291666666666383
27,14,-0.12708333333333144
27,15,0.125
27,16,-0.25624999999999903
27,17,0.004166666666667614
27,18,-0.2562500000000038
27,19,0.41875000000000284
27,20,0.11666666666666477
27,21,0.020833333333333332
27,22,0.10208333333333523
27,23,0.04999999999999716
27,24,-0.28749999999999903
27,25,-0.06041666666666382
27,26,0.16041666666666288
27,27,-0.4854166666666657
27,28,0.5958333333333362
27,29,0.23749999999999716
27,30,0.25833333333333525
28,0,0.4229166666666657
28,1,-0.4145833333333305
28,2,-0.08125000000000189
28,3,0.06041666666666856
28,4,0.01666666666666572
28,5,0.01666666666666572
28,6,0.4375
28,7,-0.4541666666666657
28,8,0.06874999999999905
28,9,-0.04999999999999716
28,10,0.21875
28,11,-0.2916666666666667
28,12,-0.054166666666669507
28,13,0.18958333333333618
28,14,0.06041666666666382
28,15,-0.1875
28,16,-0.02500000000000095
28,17,0.16041666666666762
28,18,-0.041666666666666664
28,19,0.07708333333333428
28,20,0.10208333333333523
28,21,-0.05833333333333712
28,22,-0.06458333333333144
28,23,0.13124999999999906
28,24,0.4791666666666667
28,25,-0.09999999999999905
28,26,-0.09791666666666761
28,27,-0.020833333333333332
28,28,0.22291666666666762
28,29,0.06666666666666761
28,30,0.125
29,0,-0.34375
29,1,0.08750000000000095
29,2,-0.10833333333333428
29,3,-0.5416666666666666
29,4,0.027083333333332387
29,5,-0.054166666666664774
29,6,0.13958333333333428
29,7,-0.41875000000000284
29,8,-0.15208333333333238
29,9,-0.1333333333333305
29,10,-0.00625000000000379
29,11,0.38333333333333525
29,12,-0.13333333333333522
29,13,-0.020833333333333332
29,14,0.04791666666667046
29,15,-0.2604166666666667
29,16,0.21666666666666382
29,17,0.020833333333333332
29,18,0.2604166666666667
29,19,0.33750000000000097
29,20,-0.36666666666666475
29,21,-0.2604166666666667
29,22,-0.018750000000001894
29,23,-0.2375000000000019
29,24,-0.09791666666666288
29,25,0.2937499999999981
29,26,0.0020833333333314386
29,27,0.06458333333333617
29,28,0.5458333333333343
29,29,-0.02291666666666951
29,30,-0.2979166666666657
30,0,-0.08958333333333712
30,1,-0.02291666666666477
30,2,0.01666666666666572
30,3,-0.23541666666666572
30,4,0.10833333333333428
30,5,-0.15000000000000094
30,6,-0.16458333333333522
30,7,0.13333333333333522
30,8,0.4166666666666667
30,9,-0.375
30,10,0.78125
30,11,-0.7562499999999991
30,12,-0.06666666666666761
30,13,0.02916666666666856
30,14,0.09375
30,15,-0.02916666666666856
30,16,0.25624999999999903
30,17,0.1437500000000019
30,18,-0.18541666666666856
30,19,0.02916666666666856
30,20,0.0625
30,21,-0.039583333333335226
30,22,0.06041666666666856
30,23,-0.24375000000000094
30,24,0.027083333333332387
30,25,0.46250000000000097
30,26,-0.22916666666666666
30,27,-0.027083333333332387
30,28,0.47083333333333144
30,29,-0.029166666666663826
30,30,-0.11041666666667045
31,0,0.1645833333333305
31,1,-0.2624999999999981
31,2,-0.0625
31,3,-0.28958333333333525
31,4,0.20833333333333334
31,5,-0.3520833333333305
31,6,-0.039583333333335226
31,7,-0.22916666666666666
31,8,0.018750000000001894
31,9,0.5020833333333314
31,10,-0.3479166666666676
31,11,-0.1958333333333305
31,12,0.01666666666666572
31,13,0.054166666666664774
31,14,0.08958333333333712
31,15,-0.14166666666667047
31,16,0.14166666666667047
31,17,0.06458333333333144
31,18,0.27916666666666856
31,19,-0.16666666666666666
31,20,0.02499999999999621
31,21,0.15208333333333712
31,22,-0.21875
31,23,0.16249999999999906
31,24,-0.052083333333333336
31,25,-0.07291666666666667
31,26,-0.08125000000000189
31,27,0.31458333333333616
31,28,0.3208333333333305
31,29,0.10208333333333523
31,30,-0.054166666666669507
32,0,0.7645833333333343
32,1,-0.12916666666666762
32,2,-0.07916666666666572
32,3,0.10208333333333523
32,4,-0.5687500000000038
32,5,0.4166666666666667
32,6,-0.4645833333333324
32,7,0.3979166666666695
32,8,-0.13125000000000378
32,9,-0.14374999999999716
32,10,-0.04791666666666572
32,11,-0.02291666666666951
32,12,-0.03333333333333144
32,13,0.4520833333333343
32,14,-0.53125
32,15,0.5499999999999972
32,16,-0.12916666666666762
32,17,-0.5124999999999981
32,18,-0.01458333333333428
32,19,0.375
32,20,-0.14791666666666478
32,21,-0.07291666666666667
32,22,0.5999999999999991
32,23,-0.027083333333332387
32,24,0.11458333333333333
32,25,-0.28749999999999903
32,26,-0.00625000000000379
32,27,0.78125
32,28,-0.3020833333333333
32,29,-0.13124999999999906
32,30,0.004166666666667614
33,0,-0.6791666666666648
33,1,0.6124999999999972
33,2,-0.6229166666666638
33,3,0.12083333333333239
33,4,-0.26250000000000284
33,5,-0.15416666666666382
33,6,0.10624999999999811
33,7,-0.2666666666666657
33,8,0.19374999999999906
33,9,0.01666666666666572
33,10,-0.07499999999999811
33,11,0.0020833333333314386
33,12,0.07916666666667045
33,13,-0.056250000000000945
33,14,0.03125
33,15,0.14374999999999716
33,16,-0.26874999999999716
33,17,0.33124999999999716
33,18,0.012500000000002842
33,19,0.004166666666667614
33,20,-0.03333333333333618
33,21,0.02500000000000095
33,22,0.09791666666666761
33,23,0.4499999999999981
33,24,-0.59375
33,25,-0.10833333333333428
33,26,0.035416666666667616
33,27,0.3958333333333333
33,28,-0.30416666666666475
33,29,0.01458333333333428
33,30,0.40416666666666384
34,0,0.18125000000000094
34,1,-0.21666666666666856
34,2,-0.039583333333330493
34,3,-0.10625000000000284
34,4,0.16875000000000284
34,5,-0.20833333333333334
34,6,0.5520833333333334
34,7,-0.10208333333333523
34,8,-0.15416666666666382
34,9,-0.32500000000000284
34,10,-0.01458333333333428
34,11,0.2729166666666695
34,12,-0.02916666666666856
34,13,-0.13958333333333428
34,14,-0.10833333333332955
34,15,0.5
34,16,-0.16875000000000284
34,17,-0.041666666666666664
34,18,0.09166666666666856
34,19,-0.18958333333333618
34,20,-0.09166666666666383
34,21,0.1645833333333305
34,22,0.13125000000000378
34,23,-0.29791666666667044
34,24,0.12708333333333618
34,25,0.33124999999999716
34,26,-0.11249999999999716
34,27,-0.03333333333333618
34,28,0.1479166666666695
34,29,0.18541666666666382
34,30,-0.20416666666666572
35,0,-0.28958333333333525
35,1,-0.3854166666666667
35,2,0.20416666666667047
35,3,-0.15416666666666856
35,4,-0.24375000000000094
35,5,-0.3249999999999981
35,6,-0.04583333333333428
35,7,0.15625
35,8,-0.09791666666666761
35,9,0.3625000000000019
35,10,-0.1750000000000019
35,11,0.09375
35,12,0.23125000000000284
35,13,-0.010416666666666666
35,14,-0.46875
35,15,-0.02291666666666951
35,16,-0.09583333333333144
35,17,0.17291666666666572
35,18,-0.12291666666666856
35,19,0.15833333333333618
35,20,-0.07291666666666667
35,21,0.08333333333333333
35,22,0.33750000000000097
35,23,-0.30625000000000097
35,24,0.40625
35,25,-0.15416666666666856
35,26,0.11041666666666572
35,27,-0.29583333333332956
35,28,0.16041666666666288
35,29,-0.014583333333329543
35,30,0.004166666666662877
36,0,-0.014583333333329543
36,1,0.3520833333333305
36,2,-0.010416666666666666
36,3,0.056250000000000945
36,4,0.13958333333333428
36,5,-0.2729166666666695
36,6,-0.22916666666666666
36,7,-0.19374999999999906
36,8,0.38333333333333525
36,9,-0.0500000000000019
36,10,-0.11041666666666572
36,11,-0.02291666666666477
36,12,0.24583333333333238
36,13,0.2604166666666667
36,14,-0.37708333333333616
36,15,0.5583333333333371
36,16,-0.2916666666666667
36,17,-0.027083333333337123
36,18,0.5208333333333334
36,19,-0.7562499999999991
36,20,0.5604166666666686
36,21,0.01666666666666572
36,22,-0.20208333333333428
36,23,-0.010416666666666666
36,24,0.06874999999999905
36,25,-0.30416666666666475
36,26,0.19374999999999906
36,27,0.039583333333335226
36,28,0.2312499999999981
36,29,-0.18125000000000094
36,30,0.2375000000000019
37,0,-1.7916666666666667
37,1,0.15208333333333238
37,2,-0.17916666666666478
37,3,0.0625
37,4,-0.13333333333333522
37,5,0.14583333333333334
37,6,-0.4104166666666676
37,7,0.018750000000001894
37,8,0.2916666666666667
37,9,0.2937499999999981
37,10,-0.10833333333332955
37,11,-0.008333333333335228
37,12,-0.22708333333333522
37,13,-0.36666666666666475
37,14,0.6624999999999991
37,15,-0.25208333333333144
37,16,0.052083333333333336
37,17,0.16249999999999906
37,18,-0.3333333333333333
37,19,-0.15000000000000094
37,20,-0.07916666666666572
37,21,0.15000000000000094
37,22,0.2895833333333305
37,23,0.20208333333333428
37,24,-0.2979166666666657
37,25,0.10416666666666667
37,26,0.018750000000001894
37,27,-0.19166666666666762
37,28,0.14583333333333334
37,29,0.1875
37,30,0.01666666666666572
38,0,0.3708333333333324
38,1,-0.28958333333333525
38,2,-0.3999999999999962
38,3,0.11666666666666477
38,4,0.004166666666667614
38,5,0.2854166666666676
38,6,-0.36875000000000097
38,7,0.9583333333333334
38,8,-0.7000000000000028
38,9,0.10625000000000284
38,10,-0.19166666666666762
38,11,-0.16666666666666666
38,12,0.02500000000000095
38,13,0.058333333333332384
38,14,0.17916666666666478
38,15,0.28333333333333616
38,16,0.012499999999998105
38,17,-0.10624999999999811
38,18,0.07708333333333428
38,19,0.12291666666666383
38,20,0.1437500000000019
38,21,-0.35208333333333525
38,22,0.018750000000001894
38,23,-0.0500000000000019
38,24,0.11041666666666572
38,25,0.3000000000000019
38,26,-0.2687500000000019
38,27,-0.054166666666664774
38,28,-0.01666666666666572
38,29,0.5416666666666666
38,30,-0.20208333333333428
39,0,-0.43958333333333616
39,1,-0.3291666666666657
39,2,0.2770833333333324
39,3,-0.40833333333333144
39,4,-0.40000000000000097
39,5,0.5270833333333323
39,6,-0.3520833333333305
39,7,0.3520833333333305
39,8,-0.27916666666666384
39,9,0.3604166666666657
39,10,0.039583333333335226
39,11,-0.24791666666666856
39,12,0.12916666666666762
39,13,0.3229166666666667
39,14,-0.46875
39,15,-0.19166666666666762
39,16,0.1374999999999981
39,17,0.14166666666667047
39,18,0.22291666666666288
39,19,-0.027083333333332387
39,20,-0.6520833333333323
39,21,-0.34583333333333144
39,22,0.37708333333333144
39,23,0.4250000000000019
39,24,-0.23125000000000284
39,25,-0.010416666666666666
39,26,0.10833333333333428
39,27,0.08750000000000095
39,28,0.07916666666666572
39,29,-0.125
39,30,-0.09791666666666761
40,0,0.5041666666666677
40,1,-0.2916666666666667
40,2,-0.26666666666667044
40,3,0.25
40,4,-0.02499999999999621
40,5,-0.07291666666666667
40,6,-0.18541666666666856
40,7,-0.08333333333333333
40,8,0.4583333333333333
40,9,-0.04791666666666572
40,10,-0.13750000000000284
40,11,0.07500000000000284
40,12,-0.08750000000000095
40,13,0.027083333333332387
40,14,-0.21875
40,15,0.4791666666666667
40,16,0.20416666666666572
40,17,0.0687500000000038
40,18,0.01666666666666572
40,19,-0.23125000000000284
40,20,0.20000000000000284
40,21,-0.041666666666666664
40,22,-0.25
40,23,0.0020833333333314386
40,24,-0.17083333333333428
40,25,0.24583333333333712
40,26,-0.02916666666666856
40,27,-0.5124999999999981
40,28,0.34999999999999903
40,29,0.14791666666666478
40,30,0.13333333333333522
41,0,0.14999999999999622
41,1,-0.3874999999999981
41,2,0.19166666666666762
41,3,-0.28958333333333525
41,4,0.09375
41,5,-0.15208333333333238
41,6,0.01458333333333428
41,7,0.0437499999999981
41,8,0.15208333333333238
41,9,0.07083333333333523
41,10,-0.25624999999999903
41,11,0.1687499999999981
41,12,-0.25
41,13,0.11458333333333333
41,14,0.34583333333333616
41,15,-0.11041666666667045
41,16,-0.15833333333333144
41,17,0.21666666666666856
41,18,-0.15000000000000094
41,19,0.0020833333333314386
41,20,-0.23749999999999716
41,21,0.02291666666666477
41,22,0.15625
41,23,0.06666666666666761
41,24,-0.14166666666666572
41,25,-0.12708333333333618
41,26,0.27916666666666856
41,27,0.008333333333330492
41,28,0.30625000000000097
41,29,0.16875000000000284
41,30,-0.11041666666667045
42,0,0.26250000000000284
42,1,-0.10416666666666667
42,2,-0.4333333333333371
42,3,0.17083333333333428
42,4,0.08333333333333333
42,5,0.18333333333333238
42,6,-0.04583333333332954
42,7,-0.012500000000002842
42,8,-0.0437499999999981
42,9,-0.08541666666666951
42,10,0.13958333333333428
42,11,0.01666666666666572
42,12,-0.07083333333333049
42,13,0.19166666666666762
42,14,-0.054166666666669507
42,15,0.12083333333333239
42,16,-0.19791666666666666
42,17,0.11666666666666951
42,18,0.41249999999999903
42,19,-0.004166666666667614
42,20,-0.125
42,21,-0.2916666666666667
42,22,0.020833333333333332
42,23,0.03333333333333618
42,24,0.22499999999999906
42,25,0.14791666666666478
42,26,-0.3249999999999981
42,27,-0.5208333333333334
42,28,0.59375
42,29,0.008333333333330492
42,30,0.39166666666667044
43,0,-0.30416666666666475
43,1,-0.20208333333333428
43,2,0.02500000000000095
43,3,-0.4791666666666667
43,4,0.22291666666666288
43,5,-0.018749999999997158
43,6,-0.20208333333333428
43,7,0.03125
43,8,0.4479166666666667
43,9,-0.3958333333333333
43,10,-0.03333333333333144
43,11,-0.02916666666666856
43,12,0.0
43,13,0.49791666666666856
43,14,-0.71875
43,15,1.15625
43,16,-0.40416666666666856
43,17,-0.17916666666666478
43,18,-0.19375000000000378
43,19,0.19166666666666762
43,20,-0.21458333333333238
43,21,0.22708333333333522
43,22,0.07499999999999811
43,23,0.2770833333333324
43,24,-0.054166666666664774
43,25,-0.32500000000000284
43,26,0.02291666666666951
43,27,0.34166666666666384
43,28,-0.40416666666666384
43,29,-0.006249999999999052
43,30,0.14583333333333334
44,0,0.027083333333332387
44,1,-0.11458333333333333
44,2,0.29375000000000284
44,3,-0.16250000000000378
44,4,0.22083333333333618
44,5,0.07291666666666667
44,6,-0.5708333333333352
44,7,0.15625
44,8,0.10416666666666667
44,9,-0.02291666666666477
44,10,0.12291666666666383
44,11,-0.14166666666666572
44,12,0.31458333333333616
44,13,-0.3708333333333371
44,14,-0.2854166666666629
44,15,0.1687499999999981
44,16,0.4854166666666657
44,17,0.3395833333333324
44,18,-0.42083333333332956
44,19,-0.07708333333333428
44,20,0.2958333333333343
44,21,-0.5229166666666695
44,22,0.5687499999999991
44,23,-0.27291666666666475
44,24,-0.21458333333333238
44,25,0.1645833333333305
44,26,0.2375000000000019
44,27,-0.3249999999999981
44,28,-0.018750000000001894
44,29,0.2937499999999981
44,30,0.3166666666666676
45,0,0.12708333333333144
45,1,-0.4812499999999981
45,2,0.02291666666666477
45,3,-0.30416666666666475
45,4,-0.11250000000000189
45,5,0.5979166666666677
45,6,-0.07916666666666572
45,7,-0.06874999999999905
45,8,-0.21666666666666856
45,9,0.5041666666666677
45,10,-0.2375000000000019
45,11,-0.47499999999999903
45,12,0.23333333333333428
45,13,-0.2416666666666695
45,14,0.22708333333333522
45,15,0.2375000000000019
45,16,-0.3937500000000019
45,17,-0.36875000000000097
45,18,0.8395833333333323
45,19,-0.5458333333333295
45,20,0.22499999999999906
45,21,0.12708333333333144
45,22,-0.11875000000000095
45,23,-0.07916666666666572
45,24,0.08958333333333239
45,25,-0.37708333333333144
45,26,0.5041666666666677
45,27,-0.15833333333333618
45,28,0.012500000000002842
45,29,0.054166666666664774
45,30,-0.2270833333333305
46,0,0.26874999999999716
46,1,-0.7395833333333334
46,2,0.4958333333333324
46,3,-0.13958333333332953
46,4,-0.03125
46,5,0.14791666666666478
46,6,0.5500000000000019
46,7,-0.4750000000000038
46,8,0.2854166666666676
46,9,-0.13541666666666666
46,10,-0.5749999999999981
46,11,0.2895833333333305
46,12,0.5125000000000028
46,13,-0.3041666666666695
46,14,0.3312500000000019
46,15,-0.49791666666666856
46,16,0.19166666666666762
46,17,0.0
46,18,-0.039583333333330493
46,19,0.5999999999999991
46,20,-0.07916666666666572
46,21,-0.04375000000000284
46,22,0.09583333333333617
46,23,0.22291666666666288
46,24,-0.7479166666666638
46,25,-0.08541666666666951
46,26,0.1750000000000019
46,27,0.22291666666666762
46,28,0.16666666666666666
46,29,-0.15000000000000094
46,30,0.02291666666666477
47,0,0.018750000000001894
47,1,-0.21458333333333712
47,2,-0.27916666666666384
47,3,-0.054166666666669507
47,4,-0.06666666666666288
47,5,-0.1000000000000038
47,6,0.16041666666666762
47,7,-0.03125
47,8,-0.041666666666666664
47,9,0.04375000000000284
47,10,-0.32083333333333525
47,11,0.2979166666666657
47,12,-0.1645833333333305
47,13,0.3645833333333333
47,14,-0.2770833333333371
47,15,-0.008333333333330492
47,16,-0.21666666666666856
47,17,0.056250000000000945
47,18,0.13958333333333428
47,19,-0.08541666666666951
47,20,0.08750000000000095
47,21,0.19583333333333522
47,22,0.20833333333333334
47,23,-0.13750000000000284
47,24,-0.20416666666666572
47,25,-0.0437499999999981
47,26,-0.07083333333333523
47,27,0.4583333333333333
47,28,-1.0791666666666657
47,29,0.8166666666666677
47,30,-0.07291666666666667
48,0,0.0
48,1,-0.16041666666666762
48,2,0.25833333333333525
48,3,-0.19791666666666666
48,4,0.09791666666666288
48,5,-0.10833333333332955
48,6,-0.11875000000000095
48,7,0.7687499999999972
48,8,-0.3208333333333305
48,9,-0.20000000000000284
48,10,-0.03125
48,11,-0.24583333333333238
48,12,0.041666666666666664
48,13,0.3354166666666695
48,14,0.06874999999999905
48,15,0.06041666666666382
48,16,0.3666666666666695
48,17,-0.18958333333333618
48,18,-0.16666666666666666
48,19,0.03125
48,20,0.004166666666667614
48,21,0.24583333333333238
48,22,0.02500000000000095
48,23,-0.36249999999999716
48,24,-0.018750000000001894
48,25,0.11041666666666572
48,26,0.53125
48,27,-0.027083333333332387
48,28,-0.25833333333333525
48,29,0.19791666666666666
48,30,0.41458333333333525
49,0,0.02916666666666856
49,1,-0.33541666666666475
49,2,-0.3500000000000038
49,3,-0.004166666666662877
49,4,0.07708333333332955
49,5,-0.26874999999999716
49,6,-0.1791666666666695
49,7,-0.02499999999999621
49,8,0.16249999999999906
49,9,-0.5708333333333352
49,10,0.5270833333333323
49,11,0.02916666666666856
49,12,0.16249999999999906
49,13,-0.03333333333333144
49,14,-0.17708333333333334
49,15,0.09583333333333144
49,16,-0.0625
49,17,0.08541666666666951
49,18,0.5208333333333334
49,19,-0.38333333333333525
49,20,-0.21250000000000094
49,21,-0.14583333333333334
49,22,0.2770833333333324
49,23,-0.0437499999999981
49,24,-0.21666666666666856
49,25,0.48541666666667044
49,26,-0.2541666666666676
49,27,0.012499999999998105
49,28,-0.10833333333333428
49,29,0.2916666666666667
49,30,-0.5458333333333295
50,0,-0.8041666666666648
50,1,-0.020833333333333332
50,2,0.04999999999999716
50,3,0.15625
50,4,-0.31874999999999903
50,5,0.5229166666666695
50,6,0.11041666666666572
50,7,-0.4375
50,8,0.23541666666666572
50,9,-0.01458333333333428
50,10,-0.4187499999999981
50,11,0.25624999999999903
50,12,0.12083333333333239
50,13,-0.30416666666666475
50,14,0.30416666666666475
50,15,-0.18541666666666382
50,16,0.6979166666666666
50,17,-0.7562500000000038
50,18,0.4645833333333371
50,19,-0.22083333333333618
50,20,0.08958333333333239
50,21,-0.21666666666666382
50,22,0.08750000000000095
50,23,0.20416666666666572
50,24,0.10416666666666667
50,25,-0.3791666666666676
50,26,0.3791666666666676
50,27,0.36875000000000097
50,28,-0.7291666666666666
50,29,0.9624999999999962
50,30,0.00625000000000379
51,0,-0.02291666666666951
51,1,-0.1687499999999981
51,2,-0.2416666666666695
51,3,-0.21041666666666478
51,4,0.49166666666666475
51,5,-0.25624999999999903
51,6,-0.3249999999999981
51,7,0.1999999999999981
51,8,-0.0437499999999981
51,9,-0.3083333333333324
51,10,0.4020833333333324
51,11,-0.2916666666666667
51,12,0.08750000000000095
51,13,0.3395833333333324
51,14,-0.44583333333333525
51,15,0.08333333333333333
51,16,-0.17499999999999716
51,17,0.5479166666666657
51,18,0.054166666666664774
51,19,-0.18125000000000094
51,20,0.1479166666666695
51,21,-0.32500000000000284
51,22,0.09583333333333617
51,23,-0.3645833333333333
51,24,0.6083333333333343
51,25,-0.32083333333333525
51,26,0.012499999999998105
51,27,-0.32708333333332956
51,28,0.13541666666666666
51,29,0.4812499999999981
51,30,-0.08333333333333333
52,0,-0.08958333333333712
52,1,-0.40625
52,2,0.4604166666666695
52,3,-0.4833333333333343
52,4,0.5062499999999991
52,5,-0.06874999999999905
52,6,-0.3895833333333343
52,7,0.3541666666666667
52,8,-0.12083333333333239
52,9,0.11666666666666477
52,10,-0.039583333333330493
52,11,0.29999999999999716
52,12,-0.1999999999999981
52,13,-0.041666666666666664
52,14,-0.21250000000000094
52,15,0.18333333333333238
52,16,-0.010416666666666666
52,17,-0.14583333333333334
52,18,0.18333333333333712
52,19,0.13124999999999906
52,20,0.11041666666666572
52,21,-0.1750000000000019
52,22,-0.1333333333333305
52,23,-0.08333333333333333
52,24,0.33124999999999716
52,25,-0.31458333333333144
52,26,0.27916666666666856
52,27,0.008333333333330492
52,28,0.23541666666666572
52,29,-0.18333333333333238
52,30,0.1479166666666695
53,0,-0.28749999999999903
53,1,0.2270833333333305
53,2,-0.5270833333333323
53,3,0.07916666666666572
53,4,-0.5625
53,5,0.28958333333333525
53,6,-0.09375
53,7,-0.23541666666666572
53,8,0.14583333333333334
53,9,-0.04583333333333428
53,10,-0.037499999999999055
53,11,0.29583333333332956
53,12,-0.43958333333333144
53,13,0.11250000000000189
53,14,0.13541666666666666
53,15,-0.2687500000000019
53,16,0.18333333333333238
53,17,-0.12916666666666762
53,18,0.6500000000000009
53,19,-0.5083333333333305
53,20,-0.13750000000000284
53,21,0.22708333333333522
53,22,-0.40416666666666856
53,23,0.6291666666666677
53,24,-0.23958333333333334
53,25,-0.16249999999999906
53,26,0.44374999999999903
53,27,-0.09999999999999905
53,28,0.40625
53,29,-0.4875000000000019
53,30,-0.2541666666666676
54,0,0.31874999999999903
54,1,-0.33750000000000097
54,2,0.41458333333333525
54,3,-0.06666666666666761
54,4,-0.31874999999999903
54,5,0.22083333333333144
54,6,0.10208333333333523
54,7,-0.13958333333333428
54,8,0.09375
54,9,-0.04583333333333428
54,10,-0.36875000000000097
54,11,1.1083333333333343
54,12,-0.9499999999999981
54,13,0.4541666666666657
54,14,-0.012500000000002842
54,15,0.33750000000000097
54,16,-0.40833333333333144
54,17,0.1875
54,18,0.008333333333330492
54,19,0.02291666666666951
54,20,-0.0500000000000019
54,21,-0.22291666666666762
54,22,0.13750000000000284
54,23,0.22083333333333144
54,24,-0.36666666666666475
54,25,-0.02500000000000095
54,26,-0.18333333333333238
54,27,0.37291666666666384
54,28,0.4750000000000038
54,29,-0.19791666666666666
54,30,0.19374999999999906
55,0,-0.12708333333333144
55,1,-0.5062499999999991
55,2,0.2916666666666667
55,3,-0.3958333333333333
55,4,-0.16249999999999906
55,5,0.32708333333332956
55,6,-0.10416666666666667
55,7,-0.31874999999999903
55,8,0.14583333333333334
55,9,0.037499999999999055
55,10,0.10416666666666667
55,11,-0.3125
55,12,-0.14791666666666478
55,13,0.4250000000000019
55,14,0.07499999999999811
55,15,0.054166666666664774
55,16,0.12916666666666762
55,17,0.054166666666669507
55,18,-0.25208333333333616
55,19,0.13333333333333522
55,20,-0.1479166666666695
55,21,0.5354166666666677
55,22,-0.31041666666666384
55,23,0.1333333333333305
55,24,0.2770833333333324
55,25,0.027083333333337123
55,26,-0.6937500000000038
55,27,-0.0625
55,28,0.35625000000000284
55,29,0.17291666666666572
55,30,-0.24166666666666478
56,0,0.02916666666666856
56,1,0.09583333333333144
56,2,0.0625
56,3,0.0020833333333361756
56,4,-0.5395833333333352
56,5,0.31874999999999903
56,6,0.32916666666667044
56,7,-0.12291666666666856
56,8,-0.06666666666666761
56,9,0.20416666666666572
56,10,-0.4187499999999981
56,11,0.33541666666666475
56,12,0.02291666666666951
56,13,0.09999999999999905
56,14,-0.25
56,15,-0.2604166666666667
56,16,0.24583333333333238
56,17,-0.027083333333332387
56,18,0.27291666666666475
56,19,-0.29999999999999716
56,20,0.3270833333333343
56,21,-0.6666666666666666
56,22,0.23333333333332953
56,23,0.2708333333333333
56,24,0.16875000000000284
56,25,-0.12291666666666856
56,26,-0.4145833333333305
56,27,0.18124999999999622
56,28,0.29791666666667044
56,29,-0.0687500000000038
56,30,0.035416666666667616
57,0,-0.1645833333333305
57,1,-0.20833333333333334
57,2,0.06666666666666288
57,3,-0.03333333333333144
57,4,-0.02916666666666856
57,5,-0.5062499999999991
57,6,0.07500000000000284
57,7,-0.07708333333333428
57,8,0.07916666666666572
57,9,0.2312499999999981
57,10,-0.08541666666666477
57,11,0.056250000000000945
57,12,-0.018750000000001894
57,13,-0.10624999999999811
57,14,0.30416666666666475
57,15,0.11666666666666951
57,16,-0.3187500000000038
57,17,0.6020833333333352
57,18,-0.34999999999999903
57,19,-0.2687500000000019
57,20,0.12916666666666762
57,21,0.25624999999999903
57,22,-0.11666666666666477
57,23,-0.0500000000000019
57,24,-0.3249999999999981
57,25,0.49166666666666475
57,26,0.06874999999999905
57,27,-0.07291666666666667
57,28,0.4895833333333333
57,29,-0.5541666666666648
57,30,0.1687499999999981
58,0,0.20416666666666572
58,1,0.15625
58,2,-0.2958333333333343
58,3,-0.23749999999999716
58,4,0.13541666666666666
58,5,0.09583333333333144
58,6,-0.08333333333333333
58,7,-0.09166666666666856
58,8,-0.13958333333332953
58,9,0.07083333333333049
58,10,0.056250000000000945
58,11,0.23541666666666572
58,12,-0.03333333333333144
58,13,-0.40625
58,14,0.11249999999999716
58,15,-0.09999999999999905
58,16,0.2708333333333333
58,17,-0.018749999999997158
58,18,-0.12916666666666762
58,19,0.5520833333333334
58,20,-0.4375
58,21,0.17083333333333428
58,22,0.2979166666666657
58,23,-0.25208333333333616
58,24,-0.20833333333333334
58,25,0.19791666666666666
58,26,0.16041666666666762
58,27,-0.15000000000000094
58,28,0.052083333333333336
58,29,0.0625
58,30,-0.15833333333333144
59,0,-0.13333333333333522
59,1,-0.15625
59,2,-0.40000000000000097
59,3,0.18333333333333712
59,4,-0.17083333333333428
59,5,-0.07500000000000284
59,6,0.3187500000000038
59,7,-0.2770833333333371
59,8,-0.1958333333333305
59,9,-0.22083333333333618
59,10,0.8062500000000009
59,11,-0.5666666666666677
59,12,-0.03125
59,13,0.10208333333333523
59,14,0.2624999999999981
59,15,-0.4187499999999981
59,16,0.13333333333333522
59,17,0.1875
59,18,0.09166666666666383
59,19,-0.06041666666666382
59,20,-0.06041666666666856
59,21,-0.09583333333333144
59,22,0.18541666666666382
59,23,-0.1875
59,24,0.02500000000000095
59,25,-0.03333333333333144
59,26,0.6166666666666648
59,27,0.07083333333333523
59,28,-0.5770833333333343
59,29,0.18958333333333144
59,30,0.1791666666666695
60,0,0.25208333333333144
60,1,0.26666666666667044
60,2,-0.3979166666666695
60,3,-0.17499999999999716
60,4,0.3229166666666667
60,5,-0.25833333333333525
60,6,-0.056250000000000945
60,7,0.10833333333333428
60,8,-0.03333333333333144
60,9,0.1645833333333305
60,10,0.15625
60,11,-0.4229166666666657
60,12,0.09999999999999905
60,13,0.16041666666666762
60,14,0.06041666666666856
60,15,0.04791666666666572
60,16,0.10208333333333049
60,17,-0.5625
60,18,0.5625
60,19,-0.02499999999999621
60,20,0.19374999999999906
60,21,-0.3333333333333333
60,22,0.2583333333333305
60,23,-0.09375
60,24,-0.09583333333333144
60,25,0.40416666666666856
60,26,-0.5166666666666705
60,27,0.3270833333333343
60,28,-0.018749999999997158
60,29,0.15416666666666382
60,30,0.18958333333333618
61,0,-0.5333333333333314
61,1,-0.5104166666666666
61,2,0.06666666666666761
61,3,-0.25624999999999903
61,4,0.15625
61,5,-0.34583333333333616
61,6,0.28333333333333616
61,7,-0.13541666666666666
61,8,-0.3000000000000019
61,9,0.44374999999999903
61,10,-0.2708333333333333
61,11,0.11666666666666951
61,12,0.0
61,13,-0.3958333333333333
61,14,0.22916666666666666
61,15,0.23749999999999716
61,16,-0.36249999999999716
61,17,0.2854166666666629
61,18,0.010416666666666666
61,19,-0.04583333333332954
61,20,0.18124999999999622
61,21,-0.10416666666666667
61,22,-0.17291666666666572
61,23,0.21458333333333238
61,24,-0.04999999999999716
61,25,0.08541666666666477
61,26,-0.42499999999999716
61,27,0.8458333333333314
61,28,-0.3791666666666676
61,29,0.2854166666666676
61,30,0.07916666666666572
62,0,0.17916666666666478
62,1,0.33541666666666475
62,2,-0.2770833333333324
62,3,0.006249999999999052
62,4,-0.5333333333333314
62,5,0.31041666666666856
62,6,-0.11875000000000095
62,7,-0.2958333333333343
62,8,0.4541666666666657
62,9,-0.2312499999999981
62,10,-0.25208333333333616
62,11,0.4125000000000038
62,12,0.03333333333333144
62,13,0.09166666666666856
62,14,-0.18333333333333712
62,15,0.4750000000000038
62,16,-0.14166666666667047
62,17,-0.13541666666666666
62,18,0.16041666666666762
62,19,-0.11041666666666572
62,20,0.04791666666666572
62,21,0.10625000000000284
62,22,-0.33750000000000097
62,23,0.054166666666664774
62,24,0.1791666666666695
62,25,0.09791666666666288
62,26,0.21458333333333712
62,27,-0.4958333333333371
62,28,0.6604166666666677
62,29,0.04791666666666572
62,30,-0.2270833333333305
63,0,-0.0437499999999981
63,1,-0.06041666666666856
63,2,-0.6145833333333334
63,3,0.4791666666666667
63,4,-0.6312499999999991
63,5,0.10208333333333523
63,6,-0.07916666666667045
63,7,-0.09166666666666383
63,8,-0.18541666666666856
63,9,0.17291666666666572
63,10,0.12916666666666762
63,11,-0.3520833333333305
63,12,-0.0500000000000019
63,13,0.3000000000000019
63,14,-0.004166666666667614
63,15,-0.17083333333333428
63,16,0.24166666666666478
63,17,-0.16666666666666666
63,18,-0.054166666666664774
63,19,-0.07083333333333523
63,20,0.3541666666666667
63,21,-0.21249999999999622
63,22,-0.01458333333333428
63,23,0.23958333333333334
63,24,0.08333333333333333
63,25,0.2958333333333343
63,26,-0.16041666666666762
63,27,-0.09999999999999905
63,28,0.09375
63,29,0.13958333333332953
63,30,0.2770833333333371
64,0,0.40833333333333616
64,1,0.10833333333332955
64,2,-0.06458333333333144
64,3,-0.22083333333333144
64,4,0.18124999999999622
64,5,-0.32708333333332956
64,6,-0.3083333333333371
64,7,0.3791666666666676
64,8,-0.037499999999999055
64,9,-0.020833333333333332
64,10,-0.32083333333333525
64,11,0.05833333333333712
64,12,0.04791666666666572
64,13,-0.018750000000001894
64,14,0.07708333333333428
64,15,-0.01458333333333428
64,16,0.24791666666666856
64,17,-0.16666666666666666
64,18,0.3708333333333324
64,19,-0.3291666666666657
64,20,0.2916666666666667
64,21,-0.19791666666666666
64,22,-0.01458333333333428
64,23,-0.21250000000000094
64,24,0.3083333333333324
64,25,0.15208333333333712
64,26,-0.09791666666666761
64,27,0.15416666666666382
64,28,0.09375
64,29,-0.17083333333332953
64,30,0.4020833333333324
65,0,0.3562499999999981
65,1,-1.0208333333333333
65,2,0.28125
65,3,0.36875000000000097
65,4,-0.625
65,5,-0.16041666666666762
65,6,0.23958333333333334
65,7,-0.24166666666666478
65,8,-0.02916666666666856
65,9,-0.03125
65,10,0.008333333333335228
65,11,0.0625
65,12,-0.3020833333333333
65,13,0.11249999999999716
65,14,-0.03125
65,15,0.5708333333333352
65,16,-0.6187500000000009
65,17,0.25
65,18,0.2541666666666676
65,19,-0.19583333333333522
65,20,-0.18541666666666382
65,21,0.5270833333333323
65,22,-0.4270833333333333
65,23,-0.027083333333332387
65,24,0.01666666666666572
65,25,0.06666666666666761
65,26,0.09583333333333144
65,27,-0.46250000000000097
65,28,0.5354166666666677
65,29,0.43958333333333616
65,30,-0.14166666666667047
66,0,0.48749999999999716
66,1,-0.2312499999999981
66,2,-0.25
66,3,0.02291666666666477
66,4,-0.01666666666666572
66,5,0.3895833333333343
66,6,-0.6395833333333343
66,7,0.25
66,8,0.24791666666666856
66,9,-0.16666666666666666
66,10,-0.12708333333333618
66,11,0.13333333333333522
66,12,0.2583333333333305
66,13,-0.20416666666666572
66,14,0.04375000000000284
66,15,0.04999999999999716
66,16,-0.08541666666666477
66,17,0.054166666666664774
66,18,0.3041666666666695
66,19,-0.14583333333333334
66,20,0.20624999999999716
66,21,-0.21458333333333238
66,22,-0.054166666666664774
66,23,0.34583333333333144
66,24,0.004166666666667614
66,25,0.09791666666666761
66,26,0.09791666666666288
66,27,0.22916666666666666
66,28,-0.07499999999999811
66,29,-0.12291666666666856
66,30,-0.5083333333333305
67,0,0.2624999999999981
67,1,-0.4416666666666629
67,2,0.22291666666666288
67,3,-0.46875
67,4,-0.15416666666666382
67,5,0.23749999999999716
67,6,0.12916666666666762
67,7,-0.33124999999999716
67,8,-0.08541666666666951
67,9,-0.3479166666666676
67,10,0.24583333333333712
67,11,-0.11041666666667045
67,12,-0.31458333333333144
67,13,0.19791666666666666
67,14,-0.11875000000000095
67,15,0.44374999999999903
67,16,-0.17916666666666478
67,17,0.056250000000000945
67,18,0.26874999999999716
67,19,-0.14166666666666572
67,20,-0.006249999999999052
67,21,0.4166666666666667
67,22,-0.18541666666666856
67,23,-0.12916666666666288
67,24,-0.12291666666666856
67,25,0.08333333333333333
67,26,0.0020833333333314386
67,27,0.16666666666666666
67,28,-0.5895833333333323
67,29,0.4333333333333324
67,30,0.22291666666666762
68,0,0.3874999999999981
68,1,-0.5291666666666686
68,2,0.18333333333333712
68,3,0.2666666666666657
68,4,-0.3625000000000019
68,5,0.34375
68,6,-0.25
68,7,0.18958333333333618
68,8,0.04999999999999716
68,9,0.4375
68,10,-0.12708333333333144
68,11,-0.20833333333333334
68,12,-0.09999999999999905
68,13,0.46041666666666475
68,14,-0.5395833333333352
68,15,0.22916666666666666
68,16,-0.07499999999999811
68,17,0.0020833333333314386
68,18,0.22291666666666762
68,19,0.10416666666666667
68,20,-0.08750000000000095
68,21,0.18125000000000094
68,22,-0.25
68,23,0.3708333333333324
68,24,0.11875000000000095
68,25,0.1437500000000019
68,26,0.20208333333333428
68,27,-0.5812500000000019
68,28,0.7062500000000019
68,29,-0.40000000000000097
68,30,0.37708333333333144
69,0,-0.2541666666666676
69,1,-0.6208333333333323
69,2,0.3562499999999981
69,3,-0.18541666666666856
69,4,-0.6520833333333323
69,5,0.4020833333333324
69,6,-0.3249999999999981
69,7,0.2604166666666667
69,8,-0.2312499999999981
69,9,-0.018750000000001894
69,10,0.08750000000000095
69,11,0.3479166666666676
69,12,-0.03125
69,13,-0.30625000000000097
69,14,0.14583333333333334
69,15,0.09791666666666761
69,16,-0.3354166666666695
69,17,0.27500000000000097
69,18,-0.20416666666666572
69,19,-0.08125000000000189
69,20,0.5687499999999991
69,21,-0.3125
69,22,0.1000000000000038
69,23,0.3395833333333324
69,24,-1.0208333333333333
69,25,0.6708333333333343
69,26,-0.46666666666666856
69,27,-0.11041666666666572
69,28,0.12083333333333239
69,29,0.16249999999999906
69,30,0.21250000000000094
70,0,-0.06041666666666856
70,1,-0.5062499999999991
70,2,-0.2708333333333333
70,3,0.8645833333333334
70,4,-0.2312499999999981
70,5,-0.027083333333337123
70,6,-0.03541666666666288
70,7,-0.3000000000000019
70,8,0.3625000000000019
70,9,0.2541666666666629
70,10,0.027083333333337123
70,11,-0.00625000000000379
70,12,0.19166666666666762
70,13,-0.3541666666666667
70,14,0.24375000000000094
70,15,0.17291666666666572
70,16,-0.45624999999999716
70,17,-0.04583333333333428
70,18,0.1875
70,19,0.04999999999999716
70,20,0.08541666666666951
70,21,-0.25208333333333616
70,22,0.13333333333333522
70,23,0.10624999999999811
70,24,0.018750000000001894
70,25,-0.0500000000000019
70,26,0.43541666666666856
70,27,-0.2375000000000019
70,28,-0.04583333333332954
70,29,0.5645833333333314
70,30,-0.36875000000000097
71,0,0.07499999999999811
71,1,-0.5124999999999981
71,2,0.11666666666666477
71,3,-0.18333333333333238
71,4,-0.3895833333333343
71,5,0.08333333333333333
71,6,0.035416666666667616
71,7,-0.25
71,8,0.23958333333333334
71,9,-0.3708333333333324
71,10,0.8666666666666648
71,11,-0.8916666666666657
71,12,0.22708333333333522
71,13,0.17291666666666572
71,14,-0.20208333333333428
71,15,0.14583333333333334
71,16,0.16666666666666666
71,17,-0.41249999999999903
71,18,0.22083333333333144
71,19,0.03125
71,20,0.17708333333333334
71,21,-0.1645833333333305
71,22,-0.22083333333333618
71,23,0.2541666666666676
71,24,-0.4458333333333305
71,25,0.004166666666662877
71,26,0.1750000000000019
71,27,0.01458333333333428
71,28,0.006249999999999052
71,29,0.04791666666666572
71,30,0.18125000000000094
72,0,0.06666666666666761
72,1,-0.2416666666666695
72,2,0.02916666666666856
72,3,-0.01458333333333428
72,4,-0.041666666666666664
72,5,-0.4499999999999981
72,6,0.4187499999999981
72,7,0.20416666666666572
72,8,-0.14583333333333334
72,9,0.041666666666666664
72,10,0.16666666666666666
72,11,0.041666666666666664
72,12,-0.23333333333332953
72,13,0.47499999999999903
72,14,-0.5708333333333352
72,15,0.21458333333333238
72,16,0.16250000000000378
72,17,-0.4791666666666667
72,18,0.42916666666666475
72,19,-0.5479166666666657
72,20,0.4333333333333324
72,21,0.5729166666666666
72,22,-0.5208333333333334
72,23,0.10208333333333523
72,24,0.5187499999999972
72,25,-0.40000000000000097
72,26,-0.11458333333333333
72,27,0.26666666666667044
72,28,-0.07916666666667045
72,29,0.22083333333333618
72,30,0.04791666666666572
73,0,-0.35208333333333525
73,1,0.375
73,2,-0.25208333333333144
73,3,0.2916666666666667
73,4,-0.49166666666666475
73,5,-0.2645833333333343
73,6,-0.15625
73,7,-0.14583333333333334
73,8,0.12708333333333144
73,9,-0.0437499999999981
73,10,0.07083333333333049
73,11,-0.21249999999999622
73,12,0.18124999999999622
73,13,0.039583333333335226
73,14,-0.20208333333333428
73,15,0.01458333333333428
73,16,0.054166666666664774
73,17,-0.0874999999999962
73,18,0.14791666666666478
73,19,0.1750000000000019
73,20,0.10624999999999811
73,21,-0.01458333333333428
73,22,-0.02500000000000095
73,23,0.06458333333333617
73,24,-0.3020833333333333
73,25,0.20624999999999716
73,26,-0.13124999999999906
73,27,0.02500000000000095
73,28,0.4729166666666676
73,29,-0.3041666666666695
73,30,-0.19791666666666666
74,0,0.24791666666666382
74,1,-0.4541666666666657
74,2,0.1750000000000019
74,3,-0.01458333333333428
74,4,-0.11458333333333333
74,5,0.035416666666667616
74,6,-0.36041666666667044
74,7,0.3812500000000038
74,8,0.25
74,9,-0.0500000000000019
74,10,0.14583333333333334
74,11,-0.25624999999999903
74,12,0.3020833333333333
74,13,-0.16249999999999906
74,14,0.20208333333332953
74,15,-0.12916666666666288
74,16,0.17708333333333334
74,17,0.09375
74,18,-0.3020833333333333
74,19,0.15208333333333238
74,20,-0.041666666666666664
74,21,0.09583333333333144
74,22,0.2062500000000019
74,23,0.14791666666666478
74,24,-0.5458333333333343
74,25,0.34583333333333616
74,26,-0.09166666666666856
74,27,0.16249999999999906
74,28,0.00625000000000379
74,29,-0.26250000000000284
74,30,0.19374999999999906
75,0,0.02500000000000095
75,1,-0.4520833333333343
75,2,0.24791666666666856
75,3,0.058333333333332384
75,4,-0.5062499999999991
75,5,-0.0020833333333361756
75,6,-0.28749999999999903
75,7,0.53125
75,8,-0.18958333333333144
75,9,-0.07916666666666572
75,10,0.25
75,11,-0.9520833333333343
75,12,0.8708333333333323
75,13,-0.46666666666666856
75,14,0.5020833333333362
75,15,-0.4562500000000019
75,16,0.09166666666666856
75,17,-0.03125
75,18,0.2770833333333324
75,19,-0.24583333333333238
75,20,-0.012500000000002842
75,21,0.04375000000000284
75,22,0.25208333333333144
75,23,-0.11041666666666572
75,24,-0.19583333333333522
75,25,0.16250000000000378
75,26,-0.1791666666666695
75,27,0.15416666666666856
75,28,-0.2604166666666667
75,29,0.004166666666667614
75,30,0.3791666666666629
76,0,0.19166666666666762
76,1,0.19791666666666666
76,2,0.12083333333333239
76,3,-0.16041666666666762
76,4,0.016666666666670455
76,5,-0.1479166666666695
76,6,0.8270833333333343
76,7,-0.4375
76,8,0.40833333333333144
76,9,-0.28333333333333144
76,10,-0.027083333333332387
76,11,-0.11041666666666572
76,12,0.19374999999999906
76,13,-0.4854166666666657
76,14,0.5
76,15,-0.19791666666666666
76,16,0.28125
76,17,-0.22083333333333618
76,18,-0.01666666666666572
76,19,0.25833333333333525
76,20,-0.020833333333333332
76,21,0.03125
76,22,0.041666666666666664
76,23,0.13541666666666666
76,24,0.06874999999999905
76,25,-0.16666666666666666
76,26,0.4583333333333333
76,27,0.07708333333333428
76,28,-0.20000000000000284
76,29,-0.18541666666666382
76,30,0.25208333333333144
77,0,-0.5270833333333323
77,1,-0.18125000000000094
77,2,-0.4541666666666657
77,3,0.0
77,4,-0.16458333333333522
77,5,-0.052083333333333336
77,6,-0.40416666666666384
77,7,0.5291666666666638
77,8,-0.23333333333332953
77,9,0.037499999999999055
77,10,0.2583333333333305
77,11,0.027083333333337123
77,12,-0.26666666666667044
77,13,-0.0437499999999981
77,14,0.07291666666666667
77,15,0.09791666666666761
77,16,-0.2979166666666657
77,17,0.2666666666666657
77,18,-0.23541666666666572
77,19,0.14583333333333334
77,20,0.5687499999999991
77,21,-0.3791666666666676
77,22,0.11250000000000189
77,23,-0.7541666666666677
77,24,0.4020833333333324
77,25,-0.3625000000000019
77,26,0.02916666666666856
77,27,0.5291666666666686
77,28,-0.34375
77,29,0.28125
77,30,0.0874999999999962
78,0,0.6354166666666666
78,1,-0.6208333333333323
78,2,0.23333333333333428
78,3,0.052083333333333336
78,4,-0.02500000000000095
78,5,-0.3333333333333333
78,6,0.40625
78,7,-0.010416666666666666
78,8,-0.23541666666666572
78,9,0.31874999999999903
78,10,0.09375
78,11,-0.5979166666666677
78,12,0.3000000000000019
78,13,0.08333333333333333
78,14,0.06874999999999905
78,15,-0.0625
78,16,0.40833333333333144
78,17,-0.31041666666666384
78,18,0.24166666666666478
78,19,-0.15416666666666382
78,20,0.11041666666666572
78,21,0.041666666666666664
78,22,0.11458333333333333
78,23,-0.35625000000000284
78,24,0.37708333333333616
78,25,0.2312499999999981
78,26,0.0500000000000019
78,27,0.22083333333333144
78,28,-0.6604166666666677
78,29,0.5875000000000009
78,30,-0.2312499999999981
79,0,-0.31041666666666384
79,1,-0.12916666666666762
79,2,-0.19374999999999906
79,3,0.03333333333333144
79,4,-0.13333333333333522
79,5,0.00625000000000379
79,6,-0.035416666666667616
79,7,-0.15833333333333618
79,8,0.020833333333333332
79,9,0.2708333333333333
79,10,-0.12291666666666383
79,11,-0.35625000000000284
79,12,-0.15625
79,13,0.32916666666667044
79,14,0.1187499999999962
79,15,-0.08541666666666477
79,16,-0.3895833333333343
79,17,0.125
79,18,0.20000000000000284
79,19,0.4187499999999981
79,20,-0.8479166666666677
79,21,0.35208333333333525
79,22,0.11875000000000095
79,23,-0.24375000000000094
79,24,0.20833333333333334
79,25,-0.09375
79,26,0.14166666666666572
79,27,-0.43125000000000097
79,28,0.09999999999999905
79,29,0.07500000000000284
79,30,0.20416666666666572
80,0,0.8229166666666666
80,1,-0.37708333333333616
80,2,0.37708333333333616
80,3,-0.3333333333333333
80,4,0.1333333333333305
80,5,-0.27916666666666384
80,6,0.31458333333333144
80,7,-0.06666666666666761
80,8,0.13124999999999906
80,9,0.05833333333333712
80,10,-0.03333333333333618
80,11,0.1437500000000019
80,12,-0.3125
80,13,0.18541666666666382
80,14,-0.29999999999999716
80,15,0.2854166666666676
80,16,-0.4166666666666667
80,17,0.3833333333333305
80,18,0.21250000000000094
80,19,-0.020833333333333332
80,20,0.12708333333333144
80,21,0.25
80,22,0.020833333333333332
80,23,-0.3062499999999962
80,24,0.3791666666666629
80,25,0.004166666666667614
80,26,-0.03125
80,27,0.47083333333333616
80,28,-0.40000000000000097
80,29,-0.16458333333333522
80,30,0.38750000000000284
81,0,0.056250000000000945
81,1,-0.13958333333333428
81,2,-0.375
81,3,0.15625
81,4,-0.20833333333333334
81,5,-0.12916666666666288
81,6,-0.09375
81,7,-0.12291666666666856
81,8,0.17291666666666572
81,9,0.02291666666666951
81,10,-0.052083333333333336
81,11,0.3562499999999981
81,12,-0.6895833333333314
81,13,0.04999999999999716
81,14,0.2062500000000019
81,15,-0.15625
81,16,0.14374999999999716
81,17,-0.14999999999999622
81,18,-0.5187500000000019
81,19,0.36875000000000097
81,20,0.08958333333333239
81,21,-0.0437499999999981
81,22,-0.10208333333333523
81,23,0.2770833333333324
81,24,-0.5708333333333305
81,25,0.4020833333333324
81,26,-0.07083333333333523
81,27,-0.041666666666666664
81,28,0.01458333333333428
81,29,0.1687499999999981
81,30,0.2708333333333333
82,0,0.4125000000000038
82,1,-0.5020833333333362
82,2,0.01458333333333428
82,3,-0.2979166666666657
82,4,0.21666666666666382
82,5,-0.10416666666666667
82,6,0.04583333333333428
82,7,0.4166666666666667
82,8,-0.22916666666666666
82,9,-0.15000000000000094
82,10,-0.02291666666666477
82,11,0.14166666666666572
82,12,-0.14583333333333334
82,13,0.08958333333333239
82,14,0.11875000000000095
82,15,0.07916666666666572
82,16,-0.018749999999997158
82,17,0.008333333333330492
82,18,0.5125000000000028
82,19,0.06874999999999905
82,20,-0.24375000000000094
82,21,0.18125000000000094
82,22,-0.0625
82,23,-0.056250000000000945
82,24,0.10625000000000284
82,25,0.09166666666666383
82,26,-0.1333333333333305
82,27,0.12916666666666288
82,28,0.37291666666666856
82,29,-0.12708333333333144
82,30,0.17916666666666478
83,0,0.2604166666666667
83,1,-0.5166666666666705
83,2,-0.2604166666666667
83,3,0.052083333333333336
83,4,-0.15208333333333238
83,5,-0.13124999999999906
83,6,-0.2854166666666676
83,7,0.20000000000000284
83,8,-0.2604166666666667
83,9,0.07083333333333049
83,10,-0.21041666666666478
83,11,0.18125000000000094
83,12,-0.23333333333333428
83,13,0.6645833333333305
83,14,-0.8895833333333295
83,15,0.38958333333332956
83,16,-0.3125
83,17,-0.20208333333332953
83,18,0.23333333333332953
83,19,-0.5687499999999991
83,20,0.5645833333333362
83,21,-0.4750000000000038
83,22,0.2958333333333343
83,23,0.2979166666666657
83,24,-0.28333333333333144
83,25,-0.21041666666666478
83,26,0.6604166666666629
83,27,-0.052083333333333336
83,28,0.32916666666667044
83,29,0.008333333333330492
83,30,0.15833333333333618
84,0,0.01666666666666572
84,1,-0.09583333333333144
84,2,0.3395833333333324
84,3,0.04583333333333428
84,4,-0.38124999999999903
84,5,0.2770833333333324
84,6,-0.3333333333333333
84,7,-0.13958333333333428
84,8,0.28333333333333144
84,9,-0.6875
84,10,0.2541666666666676
84,11,0.22708333333333522
84,12,-0.03125
84,13,0.0437499999999981
84,14,-0.01458333333333428
84,15,-0.041666666666666664
84,16,0.09166666666666856
84,17,0.1750000000000019
84,18,0.14791666666666478
84,19,0.3333333333333333
84,20,-0.7041666666666657
84,21,0.6312499999999991
84,22,-0.04791666666666572
84,23,0.020833333333333332
84,24,-0.09375
84,25,-0.056250000000000945
84,26,0.2770833333333324
84,27,0.19791666666666666
84,28,0.16458333333333522
84,29,-0.3083333333333324
84,30,0.15208333333333238
85,0,-0.17291666666666572
85,1,-0.2666666666666657
85,2,-0.2416666666666695
85,3,0.11041666666666572
85,4,-0.7395833333333334
85,5,0.4895833333333333
85,6,-0.08124999999999716
85,7,-0.11458333333333333
85,8,-0.027083333333332387
85,9,-0.03125
85,10,-0.08958333333333712
85,11,-0.23749999999999716
85,12,0.07291666666666667
85,13,0.058333333333332384
85,14,0.12708333333333144
85,15,0.03125
85,16,-0.47499999999999903
85,17,0.7229166666666677
85,18,-0.34999999999999903
85,19,-0.37708333333333616
85,20,0.1791666666666695
85,21,-0.11666666666666951
85,22,0.09166666666666856
85,23,-0.08541666666666477
85,24,-0.07500000000000284
85,25,0.25624999999999903
85,26,0.39166666666667044
85,27,-0.13333333333333522
85,28,0.1374999999999981
85,29,0.09583333333333617
85,30,0.23749999999999716
86,0,0.6374999999999981
86,1,-0.19166666666666762
86,2,-0.07916666666666572
86,3,-0.34375
86,4,-0.20416666666666572
86,5,0.27291666666666475
86,6,-0.3229166666666667
86,7,-0.37291666666666384
86,8,0.44374999999999903
86,9,-0.11875000000000095
86,10,0.0437499999999981
86,11,0.14166666666667047
86,12,0.06041666666666382
86,13,0.36875000000000097
86,14,-0.2687500000000019
86,15,-0.07499999999999811
86,16,0.09999999999999905
86,17,0.23125000000000284
86,18,-0.2958333333333343
86,19,0.16041666666666762
86,20,0.09375
86,21,-0.13333333333333522
86,22,0.02291666666666477
86,23,0.11041666666667045
86,24,-0.1875
86,25,0.27916666666666384
86,26,0.2770833333333324
86,27,0.08958333333333712
86,28,-0.2916666666666667
86,29,0.5145833333333295
86,30,0.38333333333333525
87,0,-0.3270833333333343
87,1,-0.4291666666666695
87,2,0.18541666666666856
87,3,-0.28333333333333144
87,4,-0.08958333333333712
87,5,-0.22499999999999906
87,6,-0.2624999999999981
87,7,0.2979166666666657
87,8,0.10208333333333523
87,9,-0.12708333333333618
87,10,0.12083333333333239
87,11,-0.12708333333333144
87,12,0.09583333333333144
87,13,-0.10416666666666667
87,14,-0.02499999999999621
87,15,-0.02291666666666951
87,16,0.09791666666666761
87,17,-0.11250000000000189
87,18,-0.17291666666666572
87,19,-0.006249999999999052
87,20,-0.18958333333333144
87,21,-0.22500000000000378
87,22,0.2604166666666667
87,23,0.23541666666667047
87,24,-0.20416666666667047
87,25,0.3583333333333343
87,26,-0.4145833333333305
87,27,0.3874999999999981
87,28,0.32083333333333525
87,29,-0.08125000000000189
87,30,0.010416666666666666
88,0,0.1437500000000019
88,1,-0.13750000000000284
88,2,-0.17291666666666572
88,3,-0.15416666666666856
88,4,0.08750000000000095
88,5,0.004166666666667614
88,6,-0.07291666666666667
88,7,0.010416666666666666
88,8,-0.3916666666666657
88,9,0.06458333333333144
88,10,0.3395833333333324
88,11,-0.006249999999999052
88,12,0.34583333333333616
88,13,0.24791666666666382
88,14,-0.4416666666666676
88,15,0.20833333333333334
88,16,-0.020833333333333332
88,17,-0.27916666666666384
88,18,0.33124999999999716
88,19,-0.08333333333333333
88,20,0.04375000000000284
88,21,0.37291666666666384
88,22,-0.3229166666666667
88,23,0.49375000000000097
88,24,-0.5020833333333314
88,25,0.0625
88,26,0.27500000000000097
88,27,0.2604166666666667
88,28,0.42499999999999716
88,29,-0.6895833333333314
88,30,0.07291666666666667
89,0,0.3229166666666667
89,1,-0.2416666666666695
89,2,-0.33124999999999716
89,3,0.08541666666666477
89,4,-0.3604166666666657
89,5,0.02500000000000095
89,6,0.2958333333333343
89,7,-0.26666666666667044
89,8,-0.29583333333332956
89,9,0.08541666666666477
89,10,0.08333333333333333
89,11,-0.08541666666666477
89,12,0.09166666666666383
89,13,0.041666666666666664
89,14,-0.47499999999999903
89,15,-0.012499999999998105
89,16,0.3020833333333333
89,17,0.04791666666666572
89,18,-0.23125000000000284
89,19,0.08750000000000095
89,20,-0.21041666666666478
89,21,0.11458333333333333
89,22,0.31874999999999903
89,23,-0.3229166666666667
89,24,0.5229166666666648
89,25,-0.3062499999999962
89,26,0.5749999999999981
89,27,-0.4208333333333343
89,28,0.3020833333333333
89,29,0.13124999999999906
89,30,-0.03541666666666288
90,0,0.5500000000000019
90,1,-0.21250000000000094
90,2,-0.11250000000000189
90,3,-0.3854166666666667
90,4,0.5395833333333352
90,5,-0.4229166666666657
90,6,0.10624999999999811
90,7,-0.3083333333333324
90,8,-0.12708333333333144
90,9,-0.041666666666666664
90,10,0.28749999999999903
90,11,0.17083333333333428
90,12,-0.17708333333333334
90,13,0.03541666666666288
90,14,0.11250000000000189
90,15,0.15416666666666856
90,16,-0.13541666666666666
90,17,-0.28125
90,18,-0.09166666666666856
90,19,0.3020833333333333
90,20,0.13541666666666666
90,21,0.01458333333333428
90,22,0.24791666666666382
90,23,-0.012499999999998105
90,24,0.11250000000000189
90,25,-0.010416666666666666
90,26,0.04791666666666572
90,27,0.49375000000000097
90,28,-0.7625000000000028
90,29,0.2729166666666695
90,30,0.4645833333333324
91,0,-0.22291666666666762
91,1,-0.2916666666666667
91,2,-0.375
91,3,0.010416666666666666
91,4,-0.018749999999997158
91,5,-0.07291666666666667
91,6,0.0
91,7,0.12083333333333239
91,8,-0.3604166666666657
91,9,-0.13750000000000284
91,10,-0.09166666666666383
91,11,-0.02500000000000095
91,12,0.30625000000000097
91,13,-0.2416666666666695
91,14,-0.058333333333332384
91,15,-0.037499999999999055
91,16,0.052083333333333336
91,17,0.09791666666666761
91,18,-0.02291666666666951
91,19,-0.006249999999999052
91,20,-0.03333333333333144
91,21,0.375
91,22,-0.13333333333333522
91,23,-0.012499999999998105
91,24,0.14166666666666572
91,25,0.13958333333333428
91,26,-0.11250000000000189
91,27,0.08125000000000189
91,28,-0.22083333333333618
91,29,-0.19374999999999906
91,30,0.3562499999999981
92,0,0.11250000000000189
92,1,0.0020833333333314386
92,2,-0.19166666666666762
92,3,0.14166666666666572
92,4,0.02500000000000095
92,5,-0.5562500000000009
92,6,0.08750000000000095
92,7,0.30625000000000097
92,8,-0.054166666666664774
92,9,0.16666666666666666
92,10,-0.02291666666666951
92,11,-0.08333333333333333
92,12,-0.08124999999999716
92,13,0.14166666666666572
92,14,-0.43125000000000097
92,15,0.4791666666666667
92,16,-0.19583333333333522
92,17,0.0625
92,18,0.02291666666666951
92,19,0.12083333333333239
92,20,0.42916666666666475
92,21,-0.4645833333333324
92,22,0.3479166666666676
92,23,-0.07291666666666667
92,24,-0.18125000000000094
92,25,0.40625
92,26,-0.36249999999999716
92,27,0.40625
92,28,-0.05833333333333712
92,29,0.18125000000000094
92,30,0.04375000000000284
93,0,-0.3708333333333324
93,1,-0.14166666666667047
93,2,0.06041666666666856
93,3,-0.2708333333333333
93,4,-0.07708333333333428
93,5,-0.15625
93,6,-0.012499999999998105
93,7,-0.02500000000000095
93,8,-0.09999999999999905
93,9,-0.03125
93,10,0.1333333333333305
93,11,-0.33541666666666475
93,12,-0.010416666666666666
93,13,0.15625
93,14,-0.2375000000000019
93,15,-0.20416666666666572
93,16,0.125
93,17,0.06874999999999905
93,18,0.1750000000000019
93,19,0.28125
93,20,-0.31458333333333144
93,21,0.21249999999999622
93,22,-0.03125
93,23,0.18958333333333618
93,24,0.15000000000000094
93,25,-0.14166666666667047
93,26,-0.012499999999998105
93,27,0.23958333333333334
93,28,0.06874999999999905
93,29,-0.052083333333333336
93,30,0.020833333333333332
94,0,-0.5458333333333343
94,1,0.23333333333333428
94,2,0.23541666666666572
94,3,0.08541666666666477
94,4,0.0687500000000038
94,5,0.21875
94,6,-0.5208333333333334
94,7,0.24583333333333238
94,8,-0.08541666666666951
94,9,0.02500000000000095
94,10,-0.22083333333333144
94,11,0.15208333333333238
94,12,-0.47083333333333144
94,13,-0.22916666666666666
94,14,0.28749999999999903
94,15,0.15208333333333238
94,16,0.058333333333332384
94,17,-0.07499999999999811
94,18,0.3083333333333324
94,19,0.0625
94,20,0.027083333333332387
94,21,-0.07291666666666667
94,22,0.5270833333333323
94,23,0.15416666666666856
94,24,-0.11875000000000095
94,25,-0.058333333333332384
94,26,-0.33541666666666475
94,27,0.2312499999999981
94,28,0.19166666666666762
94,29,-0.11666666666666951
94,30,0.10625000000000284
95,0,-0.09999999999999905
95,1,-0.20833333333333334
95,2,-0.3166666666666676
95,3,0.04791666666666572
95,4,-0.15208333333333238
95,5,-0.10625000000000284
95,6,-0.020833333333333332
95,7,0.07708333333333428
95,8,-0.041666666666666664
95,9,0.2416666666666695
95,10,-0.5833333333333334
95,11,0.4229166666666657
95,12,-0.5270833333333323
95,13,0.09166666666666383
95,14,-0.08124999999999716
95,15,-0.02500000000000095
95,16,-0.13750000000000284
95,17,0.3583333333333343
95,18,-0.37291666666666384
95,19,0.5833333333333334
95,20,0.14374999999999716
95,21,-0.3958333333333333
95,22,0.5208333333333334
95,23,-0.4020833333333324
95,24,0.4375
95,25,0.09166666666666856
95,26,0.23749999999999716
95,27,-0.6416666666666657
95,28,0.20416666666666572
95,29,-0.09791666666666761
95,30,0.06666666666666761
96,0,0.10833333333333428
96,1,0.30625000000000097
96,2,0.020833333333333332
96,3,-0.23333333333333428
96,4,0.09791666666666761
96,5,0.19791666666666666
96,6,-0.5437500000000028
96,7,0.32500000000000284
96,8,-0.24583333333333238
96,9,-0.21875
96,10,0.5583333333333323
96,11,-0.9000000000000009
96,12,0.3166666666666676
96,13,-0.125
96,14,-0.08541666666666951
96,15,0.07916666666667045
96,16,0.11666666666666477
96,17,-0.027083333333332387
96,18,0.1645833333333305
96,19,0.3312500000000019
96,20,0.10208333333333523
96,21,0.06458333333333144
96,22,0.36875000000000097
96,23,0.04791666666666572
96,24,-0.49166666666666475
96,25,0.07499999999999811
96,26,0.11250000000000189
96,27,0.20208333333332953
96,28,-0.07499999999999811
96,29,-0.17291666666666572
96,30,0.5291666666666638
97,0,-0.07708333333333428
97,1,-0.6770833333333334
97,2,-0.012499999999998105
97,3,0.3291666666666657
97,4,-0.125
97,5,-0.5416666666666666
97,6,0.19791666666666666
97,7,-0.7104166666666695
97,8,0.3708333333333371
97,9,0.10416666666666667
97,10,-0.4916666666666695
97,11,0.19583333333333522
97,12,-0.19166666666666762
97,13,-0.07291666666666667
97,14,0.5583333333333323
97,15,-0.4229166666666657
97,16,-0.0020833333333314386
97,17,-0.1437500000000019
97,18,0.36666666666666475
97,19,0.13958333333333428
97,20,-0.3395833333333324
97,21,0.37708333333333144
97,22,0.12291666666666856
97,23,-0.18333333333333238
97,24,-0.11250000000000189
97,25,-0.15625
97,26,0.22916666666666666
97,27,0.31041666666666856
97,28,-0.3541666666666667
97,29,0.18541666666666382
97,30,0.03750000000000379
98,0,0.43541666666666384
98,1,-0.6104166666666657
98,2,-0.15208333333333238
98,3,0.3791666666666676
98,4,-0.2062500000000019
98,5,0.14583333333333334
98,6,0.13124999999999906
98,7,-0.2312499999999981
98,8,0.07083333333333523
98,9,-0.46875
98,10,0.125
98,11,0.3479166666666629
98,12,-0.4812499999999981
98,13,0.02500000000000095
98,14,0.36666666666666475
98,15,-0.2937499999999981
98,16,0.4520833333333343
98,17,-0.4166666666666667
98,18,0.11041666666666572
98,19,0.3208333333333305
98,20,0.08125000000000189
98,21,0.3270833333333343
98,22,-0.3708333333333324
98,23,0.11666666666666477
98,24,0.24583333333333238
98,25,-0.3208333333333305
98,26,0.3166666666666629
98,27,-0.2979166666666657
98,28,0.37708333333333616
98,29,-0.2687500000000019
98,30,0.6750000000000019
99,0,-0.34583333333333144
99,1,-0.08125000000000189
99,2,0.16666666666666666
99,3,-0.26874999999999716
99,4,-0.035416666666667616
99,5,-0.23541666666666572
99,6,-0.13124999999999906
99,7,0.19374999999999906
99,8,-0.04375000000000284
99,9,-0.12916666666666288
99,10,-0.1437500000000019
99,11,0.4187499999999981
99,12,-0.4729166666666629
99,13,0.07291666666666667
99,14,0.30416666666666475
99,15,-0.4583333333333333
99,16,-0.11666666666666477
99,17,-0.05833333333333712
99,18,0.1875
99,19,0.03125
99,20,0.2541666666666676
99,21,-0.7125000000000009
99,22,0.7916666666666666
99,23,0.4125000000000038
99,24,-0.13333333333333522
99,25,0.23958333333333334
99,26,-0.2937499999999981
99,27,0.24374999999999622
99,28,-0.22499999999999906
99,29,0.008333333333335228
99,30,-0.04583333333333428
100,0,-0.4125000000000038
100,1,0.6145833333333334
100,2,-0.31458333333333144
100,3,0.11458333333333333
100,4,-0.027083333333332387
100,5,0.09166666666666383
100,6,-0.4854166666666657
100,7,0.4020833333333324
100,8,0.07083333333333523
100,9,-0.10833333333333428
100,10,-0.01458333333333428
100,11,-0.3291666666666657
100,12,-0.09791666666666761
100,13,-0.125
100,14,-0.037499999999999055
100,15,0.71875
100,16,0.12708333333333618
100,17,-0.6770833333333334
100,18,0.6708333333333295
100,19,-0.18958333333333144
100,20,0.20833333333333334
100,21,0.33750000000000097
100,22,-0.5958333333333362
100,23,0.59375
100,24,-0.09791666666666288
100,25,-0.10625000000000284
100,26,-0.07499999999999811
100,27,-0.10833333333333428
100,28,0.5958333333333314
100,29,0.027083333333337123
100,30,0.15625
101,0,0.2541666666666676
101,1,-0.22916666666666666
101,2,0.0020833333333361756
101,3,-0.5166666666666705
101,4,-0.05624999999999621
101,5,-0.1000000000000038
101,6,0.04375000000000284
101,7,0.3270833333333343
101,8,-0.31458333333333616
101,9,0.054166666666669507
101,10,-0.052083333333333336
101,11,-0.3541666666666667
101,12,0.3791666666666629
101,13,-0.2270833333333305
101,14,-0.3312500000000019
101,15,0.25833333333333525
101,16,-0.25833333333333525
101,17,0.012500000000002842
101,18,0.2604166666666667
101,19,-0.26250000000000284
101,20,0.6979166666666666
101,21,0.056250000000000945
101,22,-0.1999999999999981
101,23,0.6020833333333305
101,24,-0.2541666666666676
101,25,-0.0020833333333314386
101,26,0.2062500000000019
101,27,-0.3895833333333343
101,28,0.17499999999999716
101,29,-0.3208333333333305
101,30,-0.11250000000000189
102,0,0.020833333333333332
102,1,0.6312499999999991
102,2,-0.17291666666666572
102,3,-0.1875
102,4,-0.04375000000000284
102,5,-0.49166666666666475
102,6,0.6541666666666686
102,7,0.006249999999999052
102,8,0.012499999999998105
102,9,-0.17708333333333334
102,10,-0.14583333333333334
102,11,-0.1645833333333305
102,12,0.06041666666666382
102,13,-0.2895833333333305
102,14,0.07499999999999811
102,15,0.18541666666666856
102,16,-0.08541666666666951
102,17,-0.06458333333333144
102,18,0.47083333333333144
102,19,-0.01458333333333428
102,20,0.11458333333333333
102,21,-0.029166666666663826
102,22,-0.09583333333333617
102,23,-0.24166666666666478
102,24,0.22291666666666762
102,25,-0.04791666666666572
102,26,0.43958333333333144
102,27,-0.10416666666666667
102,28,0.3291666666666657
102,29,-0.28125
102,30,0.09375
103,0,-0.052083333333333336
103,1,0.08541666666666951
103,2,-1.006249999999999
103,3,0.04583333333332954
103,4,0.09375
103,5,0.43125000000000097
103,6,-0.3916666666666657
103,7,-0.17083333333333428
103,8,0.056250000000000945
103,9,-0.1875
103,10,0.11041666666666572
103,11,-0.5833333333333334
103,12,0.28958333333333525
103,13,0.23541666666666572
103,14,-0.46666666666666856
103,15,0.016666666666670455
103,16,0.4624999999999962
103,17,-0.22083333333333144
103,18,0.3479166666666676
103,19,-0.3000000000000019
103,20,0.22708333333333522
103,21,0.037499999999999055
103,22,-0.041666666666666664
103,23,0.3541666666666667
103,24,-0.18125000000000094
103,25,0.3000000000000019
103,26,-0.07083333333333523
103,27,-0.5479166666666657
103,28,0.5145833333333343
103,29,-0.018750000000001894
103,30,-0.125
104,0,0.53125
104,1,-0.46250000000000097
104,2,-0.5770833333333343
104,3,0.5916666666666686
104,4,-0.20208333333333428
104,5,0.21666666666666856
104,6,-0.10625000000000284
104,7,-0.08124999999999716
104,8,0.07708333333333428
104,9,-0.1875
104,10,0.7166666666666638
104,11,-0.7020833333333343
104,12,-0.4416666666666629
104,13,-0.012500000000002842
104,14,-0.2312499999999981
104,15,0.20624999999999716
104,16,0.3666666666666695
104,17,0.375
104,18,0.04791666666666572
104,19,-0.3000000000000019
104,20,0.3000000000000019
104,21,0.14791666666666478
104,22,-0.1645833333333305
104,23,0.42916666666666475
104,24,-0.037499999999999055
104,25,0.34999999999999903
104,26,-0.3520833333333305
104,27,0.17499999999999716
104,28,-0.09791666666666761
104,29,0.0687500000000038
104,30,-0.7750000000000009
105,0,0.12708333333333144
105,1,-0.16041666666666762
105,2,-0.4541666666666657
105,3,0.2687500000000019
105,4,-0.34999999999999903
105,5,-0.22916666666666666
105,6,0.10833333333332955
105,7,-0.03125
105,8,0.012500000000002842
105,9,-0.4895833333333333
105,10,0.19166666666666762
105,11,0.13958333333332953
105,12,-0.18333333333333238
105,13,-0.20208333333333428
105,14,-0.1875
105,15,-0.04583333333332954
105,16,0.5333333333333314
105,17,-0.3895833333333343
105,18,0.12083333333333239
105,19,0.0020833333333361756
105,20,0.20208333333333428
105,21,0.11249999999999716
105,22,0.12708333333333618
105,23,0.24166666666666478
105,24,0.24791666666666856
105,25,-0.22291666666666762
105,26,-0.041666666666666664
105,27,-0.13124999999999906
105,28,0.4937499999999962
105,29,-0.041666666666666664
105,30,-0.3958333333333333
106,0,0.04999999999999716
106,1,-0.037499999999999055
106,2,0.19166666666666762
106,3,0.07083333333333049
106,4,-0.2770833333333324
106,5,0.4583333333333333
106,6,-0.26874999999999716
106,7,-0.06458333333333617
106,8,-0.15833333333333144
106,9,0.3125
106,10,0.07916666666666572
106,11,-0.14791666666666478
106,12,-0.5062500000000038
106,13,0.2604166666666667
106,14,-0.4333333333333324
106,15,-0.07499999999999811
106,16,0.15416666666666382
106,17,-0.037499999999999055
106,18,0.5270833333333323
106,19,-0.01666666666666572
106,20,0.40833333333333616
106,21,-0.08750000000000095
106,22,-0.10625000000000284
106,23,0.40000000000000097
106,24,-0.14791666666666478
106,25,-0.02916666666666856
106,26,-0.020833333333333332
106,27,0.09583333333333617
106,28,0.029166666666663826
106,29,0.12708333333333618
106,30,0.49166666666666475
107,0,-0.10208333333333523
107,1,-0.43541666666666856
107,2,-0.2270833333333305
107,3,-0.039583333333335226
107,4,-0.11249999999999716
107,5,-0.02500000000000095
107,6,-0.010416666666666666
107,7,-0.15625
107,8,-0.056250000000000945
107,9,-0.018750000000001894
107,10,-0.3708333333333324
107,11,0.3041666666666695
107,12,0.004166666666662877
107,13,-0.3520833333333305
107,14,-0.21458333333333238
107,15,0.19374999999999906
107,16,0.12916666666666762
107,17,-0.09375
107,18,0.03541666666666288
107,19,0.36041666666667044
107,20,0.07916666666666572
107,21,0.4416666666666676
107,22,-0.008333333333335228
107,23,-0.22083333333333144
107,24,-0.12083333333333712
107,25,0.25
107,26,0.12708333333333618
107,27,-0.1479166666666695
107,28,0.2770833333333371
107,29,0.041666666666666664
107,30,-0.6604166666666677
108,0,0.6083333333333343
108,1,-0.4499999999999981
108,2,0.2645833333333343
108,3,-0.1437500000000019
108,4,-0.01666666666666572
108,5,0.15416666666666382
108,6,-0.3083333333333324
108,7,-0.039583333333330493
108,8,0.014583333333329543
108,9,0.20000000000000284
108,10,0.3541666666666667
108,11,-0.7125000000000009
108,12,-0.20416666666666572
108,13,0.0625
108,14,-0.3395833333333324
108,15,0.08333333333333333
108,16,-0.2104166666666695
108,17,0.09791666666666761
108,18,0.4020833333333324
108,19,0.041666666666666664
108,20,-0.037499999999999055
108,21,0.14583333333333334
108,22,0.10833333333333428
108,23,0.4104166666666676
108,24,-0.03125
108,25,0.19791666666666666
108,26,0.04791666666666572
108,27,-0.3312500000000019
108,28,0.7166666666666686
108,29,-0.38333333333333525
108,30,0.2604166666666667
109,0,-0.5458333333333343
109,1,0.07083333333333523
109,2,-0.08541666666666951
109,3,-0.20624999999999716
109,4,0.0020833333333314386
109,5,-0.10416666666666667
109,6,-0.14583333333333334
109,7,-0.1374999999999981
109,8,-0.22291666666666762
109,9,0.34375
109,10,-0.6458333333333334
109,11,-0.09583333333333144
109,12,-0.14583333333333334
109,13,0.33124999999999716
109,14,-0.36875000000000097
109,15,0.29791666666667044
109,16,0.12916666666666288
109,17,-0.21041666666666478
109,18,0.35208333333333525
109,19,0.14583333333333334
109,20,0.08333333333333333
109,21,-0.07500000000000284
109,22,0.34166666666666856
109,23,-0.03125
109,24,-0.052083333333333336
109,25,-0.16666666666666666
109,26,0.5708333333333305
109,27,-0.1999999999999981
109,28,-0.3249999999999981
109,29,0.1875
109,30,0.20833333333333334
110,0,0.6916666666666677
110,1,-0.3166666666666676
110,2,-0.125
110,3,-0.17708333333333334
110,4,0.2708333333333333
110,5,-0.058333333333332384
110,6,-0.08958333333333239
110,7,0.056250000000000945
110,8,0.04999999999999716
110,9,-0.06666666666666288
110,10,-0.4750000000000038
110,11,0.3229166666666667
110,12,-0.3791666666666629
110,13,-0.18541666666666856
110,14,-0.12083333333333239
110,15,0.4541666666666657
110,16,0.17083333333333428
110,17,0.0020833333333314386
110,18,-0.06666666666666761
110,19,-0.15625
110,20,-0.07291666666666667
110,21,0.25
110,22,0.15208333333333712
110,23,0.20208333333332953
110,24,-0.020833333333333332
110,25,0.37708333333333616
110,26,-0.20833333333333334
110,27,0.24791666666666382
110,28,-0.12708333333333144
110,29,0.28333333333333144
110,30,-0.10416666666666667
111,0,-0.04375000000000284
111,1,-0.1999999999999981
111,2,0.06874999999999905
111,3,-0.23749999999999716
111,4,-0.27916666666666856
111,5,-0.3125
111,6,0.12708333333333144
111,7,0.09791666666666761
111,8,-0.06458333333333144
111,9,-0.2958333333333343
111,10,-0.11458333333333333
111,11,-0.08541666666666477
111,12,0.04999999999999716
111,13,-0.11249999999999716
111,14,0.46875
111,15,-0.8125
111,16,0.27291666666666475
111,17,0.24375000000000094
111,18,-0.02291666666666951
111,19,0.5458333333333343
111,20,-0.26874999999999716
111,21,0.42916666666666475
111,22,-0.08958333333333239
111,23,-0.2062500000000019
111,24,0.10625000000000284
111,25,0.22291666666666288
111,26,-0.2604166666666667
111,27,0.14583333333333334
111,28,-0.0437499999999981
111,29,0.5708333333333352
111,30,-0.4583333333333333
112,0,0.01666666666666572
112,1,-0.037499999999999055
112,2,0.10624999999999811
112,3,-0.09166666666666383
112,4,-0.17291666666666572
112,5,-0.15000000000000094
112,6,0.125
112,7,0.09583333333333144
112,8,-0.07083333333333049
112,9,-0.22500000000000378
112,10,0.008333333333335228
112,11,0.3395833333333324
112,12,-0.2708333333333333
112,13,0.018750000000001894
112,14,-0.008333333333335228
112,15,-0.24583333333333238
112,16,0.4104166666666676
112,17,-0.27500000000000097
112,18,0.13333333333333522
112,19,-0.10208333333333523
112,20,0.08958333333333239
112,21,0.12291666666666856
112,22,0.2854166666666676
112,23,-0.46875
112,24,0.7666666666666657
112,25,-0.34583333333333616
112,26,0.1437500000000019
112,27,-0.12708333333333144
112,28,0.5020833333333314
112,29,0.3083333333333324
112,30,-0.04583333333333428
113,0,-0.5791666666666657
113,1,-0.2687500000000019
113,2,0.30625000000000097
113,3,-0.22916666666666666
113,4,0.14583333333333334
113,5,-0.5520833333333334
113,6,-0.28333333333333616
113,7,0.3270833333333343
113,8,0.2770833333333324
113,9,-0.3874999999999981
113,10,-0.10208333333333523
113,11,-0.31458333333333144
113,12,0.3604166666666657
113,13,0.035416666666667616
113,14,-0.02500000000000095
113,15,-0.1645833333333305
113,16,0.19791666666666666
113,17,0.14791666666666478
113,18,-0.20208333333333428
113,19,0.13958333333333428
113,20,0.04583333333333428
113,21,0.3083333333333324
113,22,0.13541666666666666
113,23,-0.3479166666666676
113,24,0.47708333333333525
113,25,-0.4270833333333333
113,26,0.2916666666666667
113,27,-0.037499999999999055
113,28,-0.1750000000000019
113,29,0.054166666666664774
113,30,-0.20833333333333334
114,0,0.06666666666666761
114,1,-0.11458333333333333
114,2,-0.12291666666666856
114,3,-0.1374999999999981
114,4,0.3229166666666667
114,5,0.23541666666666572
114,6,-0.31874999999999903
114,7,0.17916666666666478
114,8,-0.29999999999999716
114,9,0.054166666666664774
114,10,0.008333333333335228
114,11,-0.027083333333332387
114,12,0.26458333333332956
114,13,-0.7145833333333323
114,14,0.40833333333333616
114,15,-0.31458333333333616
114,16,0.4416666666666676
114,17,0.01666666666666572
114,18,-0.4499999999999981
114,19,0.3125
114,20,0.5
114,21,-0.3916666666666657
114,22,0.5458333333333295
114,23,-0.2270833333333305
114,24,-0.2645833333333343
114,25,0.2062500000000019
114,26,-0.04375000000000284
114,27,0.3270833333333343
114,28,-0.43125000000000097
114,29,0.4541666666666657
114,30,-0.12916666666666288
115,0,-0.15833333333333144
115,1,0.11041666666666572
115,2,-0.32083333333333525
115,3,-0.3791666666666676
115,4,-0.15416666666666382
115,5,-0.22916666666666666
115,6,0.22083333333333144
115,7,0.02916666666666856
115,8,0.08333333333333333
115,9,-0.25
115,10,-0.08125000000000189
115,11,-0.04583333333333428
115,12,0.08333333333333333
115,13,0.19791666666666666
115,14,-0.1958333333333305
115,15,-0.06874999999999905
115,16,0.24791666666666382
115,17,-0.28749999999999903
115,18,0.5875000000000009
115,19,-0.31458333333333616
115,20,-0.05624999999999621
115,21,0.5874999999999962
115,22,-0.2312499999999981
115,23,-0.0625
115,24,-0.041666666666666664
115,25,0.04791666666666572
115,26,-0.10208333333333049
115,27,0.23958333333333334
115,28,0.15833333333333144
115,29,0.37708333333333144
115,30,-0.3604166666666657
116,0,0.21041666666666478
116,1,-0.36666666666666475
116,2,0.17083333333333428
116,3,-0.3041666666666695
116,4,-0.2270833333333305
116,5,0.22291666666666762
116,6,0.09166666666666383
116,7,-0.17499999999999716
116,8,-0.25
116,9,0.5166666666666657
116,10,-0.12708333333333618
116,11,-0.020833333333333332
116,12,-0.1645833333333305
116,13,-0.15000000000000094
116,14,0.04583333333333428
116,15,-0.19166666666666762
116,16,0.08333333333333333
116,17,0.31458333333333144
116,18,0.2104166666666695
116,19,-0.13750000000000284
116,20,-0.13541666666666666
116,21,-0.0020833333333314386
116,22,0.035416666666667616
116,23,0.375
116,24,-0.03333333333333618
116,25,-0.28125
116,26,0.1479166666666695
116,27,0.06874999999999905
116,28,-0.039583333333335226
116,29,0.40416666666666856
116,30,-0.27291666666666475
117,0,0.0020833333333314386
117,1,-0.24166666666666478
117,2,-0.41249999999999903
117,3,0.018749999999997158
117,4,0.16041666666666762
117,5,-0.3270833333333343
117,6,-0.06666666666666761
117,7,-0.4541666666666657
117,8,0.24375000000000094
117,9,-0.1374999999999981
117,10,-0.11875000000000095
117,11,-0.12083333333333239
117,12,0.3395833333333324
117,13,0.17708333333333334
117,14,-0.17291666666666572
117,15,-0.15416666666666856
117,16,0.15416666666666856
117,17,0.27916666666666384
117,18,-0.06666666666666761
117,19,-0.10416666666666667
117,20,0.03125
117,21,0.5958333333333362
117,22,-0.5833333333333334
117,23,0.24791666666666382
117,24,-0.07083333333333049
117,25,-0.15000000000000094
117,26,0.15625
117,27,0.15416666666666856
117,28,-0.018750000000001894
117,29,0.08958333333333239
117,30,-0.01458333333333428
118,0,0.41458333333333525
118,1,-0.6437500000000019
118,2,0.2416666666666695
118,3,-0.19583333333333522
118,4,0.23541666666666572
118,5,-0.3604166666666657
118,6,0.31874999999999903
118,7,-0.16041666666666288
118,8,0.1333333333333305
118,9,-0.49166666666666475
118,10,0.1645833333333305
118,11,0.20833333333333334
118,12,-0.3166666666666629
118,13,0.09791666666666288
118,14,-0.09583333333333144
118,15,0.3270833333333343
118,16,0.1333333333333305
118,17,-0.15208333333333238
118,18,0.09999999999999905
118,19,0.10416666666666667
118,20,-0.21458333333333238
118,21,0.2645833333333343
118,22,-0.2375000000000019
118,23,0.19375000000000378
118,24,-0.11666666666666951
118,25,0.16041666666666762
118,26,-0.3125
118,27,0.6333333333333352
118,28,0.052083333333333336
118,29,-0.13125000000000378
118,30,-0.027083333333332387
119,0,-0.07708333333333428
119,1,-0.22916666666666666
119,2,-0.27500000000000097
119,3,-0.08541666666666477
119,4,0.09166666666666383
119,5,-0.3562499999999981
119,6,0.14374999999999716
119,7,-0.21249999999999622
119,8,0.17916666666666478
119,9,-0.2916666666666667
119,10,0.15625
119,11,-0.3895833333333343
119,12,-0.027083333333332387
119,13,0.31458333333333144
119,14,-0.014583333333329543
119,15,0.03125
119,16,-0.10625000000000284
119,17,0.13333333333333522
119,18,0.17708333333333334
119,19,-0.2375000000000019
119,20,0.3166666666666676
119,21,-0.3312500000000019
119,22,0.18125000000000094
119,23,0.12291666666666856
119,24,-0.5354166666666677
119,25,0.6708333333333343
119,26,-0.17083333333333428
119,27,0.4854166666666657
119,28,-0.6312499999999991
119,29,0.40000000000000097
120,0,-0.058333333333332384
120,1,0.008333333333330492
120,2,0.0500000000000019
120,3,-0.5124999999999981
120,4,0.3249999999999981
120,5,0.08541666666666477
120,6,0.018750000000001894
120,7,0.09375
120,8,0.07916666666666572
120,9,-0.4416666666666676
120,10,0.041666666666666664
120,11,-0.1333333333333305
120,12,0.01666666666666572
120,13,0.2687500000000019
120,14,-0.08958333333333712
120,15,0.13333333333333522
120,16,0.09583333333333144
120,17,0.07500000000000284
120,18,0.18958333333333144
120,19,-0.5187499999999972
120,20,0.22291666666666288
120,21,0.5708333333333352
120,22,-0.37291666666666856
120,23,-0.039583333333330493
120,24,0.31041666666666384
120,25,0.10208333333333523
120,26,-0.07291666666666667
120,27,0.07083333333333523
121,0,0.07499999999999811
121,1,-0.5812499999999972
121,2,-0.10833333333333428
121,3,-0.11458333333333333
121,4,-0.2770833333333324
121,5,0.20416666666666572
121,6,-0.48125000000000284
121,7,0.04791666666667046
121,8,0.04791666666666572
121,9,-0.12083333333333239
121,10,0.1187499999999962
121,11,0.09166666666666856
121,12,-0.33750000000000097
121,13,-0.10208333333333049
121,14,-0.14583333333333334
121,15,0.2666666666666657
121,16,-0.16666666666666666
121,17,0.2770833333333324
121,18,0.20208333333333428
121,19,-0.15416666666666856
121,20,0.27916666666666856
121,21,0.029166666666663826
121,22,-0.09999999999999905
121,23,-0.10833333333333428
121,24,0.3708333333333371
121,25,-0.3354166666666695
122,0,0.2916666666666667
122,1,0.0625
122,2,0.2104166666666695
122,3,-0.19791666666666666
122,4,0.04999999999999716
122,5,-0.21458333333333238
122,6,-0.33124999999999716
122,7,0.19166666666666288
122,8,0.24791666666666856
122,9,0.16666666666666666
122,10,-0.22291666666666762
122,11,0.11458333333333333
122,12,-0.06458333333333144
122,13,-0.06041666666666856
122,14,-0.38124999999999903
122,15,0.5374999999999991
122,16,-0.04791666666666572
122,17,0.0020833333333314386
122,18,-0.17291666666666572
122,19,0.6583333333333362
122,20,-0.21458333333333712
122,21,0.25833333333333525
122,22,-0.035416666666667616
122,23,0.13333333333333522
123,0,-0.42448979591836644
123,1,-0.038775510204083485
123,2,-0.3244897959183646
123,3,0.14489795918367163
123,4,0.036734693877550094
123,5,-0.16938775510203988
123,6,-0.48163265306122266
123,7,0.16530612244897774
123,8,0.16122448979592022
123,9,0.05510204081632282
123,10,0.01020408163265306
123,11,-0.34081632653060856
123,12,-0.028571428571430427
123,13,0.23673469387754917
123,14,0.2367346938775538
123,15,-0.3551020408163284
123,16,0.1265306122448989
123,17,0.11632653061224582
123,18,-0.014285714285715213
123,19,-0.12857142857142764
123,20,0.09795918367346845
124,0,0.39361702127659576
124,1,0.24042553191489266
124,2,-0.3829787234042553
124,3,0.22765957446808607
124,4,-0.09787234042553482
124,5,-0.02978723404255029
124,6,0.2936170212765948
124,7,-0.1085106382978704
124,8,0.45319148936170117
124,9,-0.20000000000000193
124,10,0.05531914893617312
124,11,0.7829787234042543
124,12,-1.053191489361702
124,13,0.5021276595744661
124,14,0.04468085106383269
124,15,-0.30425531914894005
124,16,0.37021276595744873
124,17,0.09574468085106383
124,18,-0.059574468085105414
124,19,-0.23404255319148937
125,0,-0.35714285714285715
125,1,0.14285714285714285
125,2,-0.14693877551020038
125,3,-0.5183673469387774
125,4,0.07551020408163359
125,5,0.5408163265306123
125,6,-0.5020408163265334
125,7,-0.25918367346938403
125,8,-0.23469387755102042
125,9,0.5673469387755092
125,10,-0.7040816326530612
125,11,0.5183673469387727
125,12,-0.34081632653060856
125,13,0.12653061224489426
125,14,-0.31020408163264934
125,15,0.2755102040816326
125,16,-0.23265306122449164
126,0,0.7551020408163265
126,1,0.248979591836731
126,2,0.15306122448979592
126,3,-0.11428571428571244
126,4,0.2979591836734675
126,5,-0.1877551020408126
126,6,0.008163265306119665
126,7,0.5612244897959183
126,8,-0.3020408163265297
126,9,-0.08367346938775325
126,10,0.46326530612244526
126,11,0.3387755102040844
126,12,-0.09795918367346845
126,13,-0.02653061224490167
126,14,-0.19795918367346568
127,0,-0.07708333333332955
127,1,-0.46250000000000097
127,2,0.018749999999997158
127,3,-0.19791666666666666
127,4,0.2854166666666676
127,5,-0.3562499999999981
127,6,0.09791666666666761
127,7,-0.5229166666666695
127,8,0.08541666666666951
127,9,0.0437499999999981
127,10,0.20833333333333334
127,11,-0.5041666666666677
127,12,-0.17708333333333334
128,0,0.5250000000000009
128,1,0.5020833333333362
128,2,-0.5229166666666695
128,3,0.20416666666666572
128,4,0.40833333333333616
128,5,-0.03333333333333618
128,6,-0.01666666666666572
128,7,0.16875000000000284
128,8,-0.02500000000000095
128,9,0.7833333333333314
128,10,-0.5645833333333314
129,0,-0.07234042553191683
129,1,0.1276595744680851
129,2,-0.6319148936170222
129,3,0.30425531914894005
129,4,-0.4063829787234072
129,5,-0.1638297872340435
129,6,-0.35106382978723405
129,7,0.12127659574468182
129,8,-0.2425531914893588
130,0,0.6531914893617031
130,1,0.08297872340425726
130,2,-0.02340425531915184
130,3,0.39574468085106673
130,4,0.3723404255319149
130,5,-0.32978723404255317
130,6,0.3893617021276586
131,0,0.355813953488371
131,1,-0.627906976744186
131,2,-0.23953488372092918
131,3,-0.20930232558139536
131,4,-0.24186046511628118
132,0,0.5878048780487838
132,1,0.04634146341463082
132,2,-0.19024390243902328
133,0,0.6272727272727355
