T2,layer_id
18.847690739707524,0
10.97910557666739,0
15.267905122500112,0
12.919740992724403,0
15.405596617945365,0
14.11949508196852,0
14.69087817838892,0
14.398245534674809,0
15.407019646174836,0
10.623890205912636,0
18.163180571051782,0
16.462455233093994,0
14.147227881030007,0
18.44313586212071,0
20.016904726032987,0
17.237641515737927,0
15.946959734573998,0
14.151371594089442,0
20.52994892760666,0
19.547185586955443,0
16.82067755734556,0
20.51680699489855,0
18.607157134206734,0
17.34447577204009,0
16.07986657002652,0
20.400653432300746,0
18.329968900083763,0
17.09151317431227,0
19.632259324542765,0
13.740628306337968,0
15.867722390522612,0
14.79010036727079,0
15.966481626628353,0
11.661932167391388,0
14.297321585701296,0
10.89362881579885,0
13.187263214334248,0
13.61539492614258,0
13.54770719288896,0
15.278952138164478,0
18.1129788356845,0
14.691615103109834,0
9.90385458874586,0
13.041971671805126,0
8.257775653954669,0
13.49268349032642,0
9.646824348509854,0
9.848279329958674,0
15.149753210463844,0
13.274181799078786,0
10.590230989189514,0
9.626739918688884,0
13.065742238001182,0
11.930215456307403,0
13.014019936282292,0
15.89053938920389,0
12.511885821175657,0
14.554029057165923,0
13.33783754806655,0
14.47881591961376,0
12.999114876459181,0
14.371866273683912,0
12.022410078511758,0
12.849053992636648,0
15.339723834322687,0
13.557073827469498,0
12.225626392265058,0
14.18178676766325,0
16.61317108693424,0
14.18286368664644,0
12.092034526214432,0
16.66576432099573,0
16.665232994484818,0
13.810388008144546,0
15.803583485928257,0
18.868348428855032,0
18.541714962190067,0
20.613364404655563,0
20.482497356268468,0
18.55157431683411,0
19.282371824863144,0
20.108523492940805,0
22.00382636835931,0
19.54226568944913,0
19.57278878465517,0
17.86094279678006,0
20.34996811181878,0
17.27764765122547,0
12.17296049489209,0
16.95924101563874,0
11.272177586140963,0
12.854555315372634,0
16.300060393710794,0
14.711553346632892,0
13.40487275786445,0
13.272289970652304,0
20.09361567042169,0
24.102289358081126,0
19.677352597629113,0
17.772534108755487,0
17.8965381354613,0
14.899416062770479,0
13.361414426214301,0
12.17317697478486,0
16.522847829359726,0
16.413272977167615,0
17.70962390752978,0
15.111421185021506,0
17.131122021704122,0
16.662680100214857,0
17.60973853994672,0
17.30555078097021,0
9.689268909665525,0
11.15566435898812,0
13.660561040153317,0
12.735399415398781,0
16.080856959756808,0
15.206175112672902,0
17.09076189306554,0
19.992645083724003,0
50.60300797532488,1
38.91557404006422,1
37.70825800794263,1
35.60903204705626,1
42.434333244439536,1
43.38260787506852,1
57.87658184907483,1
58.59062264031048,1
50.884283183075404,1
50.98983120828447,1
49.14635604025409,1
59.99603397950864,1
45.13308109929212,1
37.610365709483574,1
48.35177288587118,1
49.12047859994189,1
49.57262339268568,1
43.46273645651159,1
45.83442089829003,1
53.9236893210013,1
46.16964670375911,1
44.41536632201575,1
43.26582658644175,1
36.47745835758569,1
46.57224614375911,1
56.57193441848551,1
51.35238555835595,1
52.55065805510066,1
64.50666475848891,1
61.936564752630645,1
60.34025588310327,1
69.29927128112507,1
71.84973534523586,1
61.977165110097914,1
46.85155011718158,1
68.02997301440634,1
53.43144329108498,1
70.95786550093821,1
66.5568063041405,1
61.909610248690726,1
70.04108249773424,1
56.32583330399433,1
47.41897012992423,1
55.43557558387053,1
53.65613576997086,1
46.62752687308066,1
48.068946207148954,1
42.88073397343346,1
50.273629541517096,1
48.891095587882205,1
56.7403607796899,1
50.563893975575105,1
52.66840542623124,1
49.3073141937206,1
49.773546841500874,1
50.63868966871234,1
41.05331251633006,1
58.521526776924695,1
63.60951329778816,1
65.30238595776588,1
50.64652515212627,1
55.99640489504041,1
46.23700650892964,1
52.331524795727304,1
47.22177021525915,1
43.415480873751164,1
59.36092375302795,1
73.65417819995803,1
46.5494808634568,1
55.363697609846554,1
55.24110666751463,1
53.36650959862565,1
57.12325095220228,1
46.077109500323935,1
54.17845842957015,1
41.003309867923164,1
64.75024328061393,1
55.93372359405408,1
53.37507507043846,1
50.04807907747258,1
55.441392804995296,1
41.789770467394945,1
60.577996637957774,1
55.181667862541026,1
54.56394873095792,1
62.984421637616414,1
52.4077880687209,1
59.05006493740211,1
48.84697949723804,1
64.27562824794055,1
54.40297928403598,1
54.68446118672581,1
44.898773701882796,1
53.80603926120068,1
59.657035153709934,1
52.283916446527265,1
48.94536659796668,1
50.42762752527134,1
45.53652328811848,1
38.21446989333222,1
47.26675634886361,1
46.03519489687871,1
43.65034910398438,1
46.39212693945251,1
51.54341346271418,1
58.49103563491875,1
61.946268781385236,1
62.63572545803584,1
61.09516509278871,1
62.17174487392007,1
74.66868172294441,1
74.08662498581621,1
69.30449684829937,1
64.61287575890938,1
47.294106772622264,1
39.73421768933287,1
31.978290839519197,1
20.074855427003648,1
13.932482981386393,1
14.86864045734529,1
34.656620301244,2
33.43725182150109,2
47.15889989435431,2
60.80488974576906,2
64.85685028218582,2
72.62355189308246,2
79.9894333048138,2
80.94270782916443,2
78.20307660219875,2
95.17542162237966,2
94.24472881077475,2
108.58706411004745,2
99.13799817870657,2
96.23784973519997,2
100.01100427929453,2
101.33144576419882,2
107.97672630095306,2
109.34645940111605,2
90.22056776384598,2
96.08883301018338,2
87.08271802167923,2
97.35072003369962,2
91.51493881767084,2
96.431839200788,2
84.9771449749469,2
99.7466610649706,2
103.65711629353274,2
97.63627588427694,2
91.36824578940808,2
95.73181908491132,2
94.89553239314021,2
86.32875781492434,2
79.16763373280787,2
82.0665756763584,2
84.68813169070053,2
72.96280985068711,2
76.4957366589248,2
80.93721620653776,2
78.68181438908594,2
75.7473171353993,2
88.34529332297289,2
68.8627188226756,2
72.11461540696219,2
69.72322697472065,2
70.91191796099959,2
66.70324536914481,2
59.69176904707194,2
58.87686297436247,2
58.55663884201945,2
58.04420042090009,2
61.2630463801559,2
58.864656528704934,2
63.58138940773481,2
52.08171857615717,2
53.40286181854544,2
57.17812731520743,2
46.553272480708394,2
54.02718797586207,2
44.645146772318455,2
50.17539296452401,2
47.10458394333376,2
50.22984025281187,2
44.43842531315758,2
59.43227752693715,2
56.15133437013792,2
46.73120230493825,2
45.41113722664879,2
44.132642929907924,2
43.99812428332265,2
47.041936639765105,2
53.04504297108066,2
49.64483009991055,2
53.64609512802485,2
54.15126129193003,2
56.039727813836,2
64.6812711818145,2
62.809149692084034,2
57.5149022511967,2
63.14663900421117,2
55.04498257744912,2
49.59809425577674,2
52.76323552650392,2
55.08752776185512,2
62.88026766530382,2
70.150035691999,2
44.70526669982189,2
46.56664372388556,2
51.6338866797494,2
45.80659621303133,2
44.104544707104694,2
38.87538132099462,2
49.7373746485082,2
47.93619186804812,2
50.050048176556444,2
45.887980810178036,2
42.72806264732331,2
48.15591908493482,2
43.72119434493483,2
31.998639205941597,2
28.932713402992086,2
38.04387116507015,2
36.7993299927745,2
33.23628819105521,2
35.406443196557206,2
34.335573404554744,2
25.631997135176974,2
26.137786278852488,2
25.20776770757747,2
23.828796246567627,2
26.348582947555716,2
19.50021578221365,2
24.89875431440854,2
22.867624576945566,2
24.47753865403849,2
27.6501806183692,2
33.85508867304831,2
34.45915970864746,2
50.417291498882435,2
58.609693275966315,2
60.399189540585574,2
19.2959624615857,3
19.711666900939175,3
11.10026240200497,3
14.43445238538216,3
12.560449307498533,3
11.702859004491298,3
16.62085272759988,3
13.833186249519025,3
14.567646290223811,3
17.43513522216819,3
15.900840596443802,3
12.50660551206943,3
16.271262126467686,3
15.016168168179847,3
15.005093338119071,3
18.606607402134472,3
10.736900776563033,3
15.942390007290136,3
15.980831848340491,3
19.866809632730806,3
18.634669824791263,3
16.039286192387898,3
14.724950640872356,3
16.34548398754392,3
15.87364850219071,3
16.433976269857546,3
13.211398889446382,3
18.12766510292269,3
20.768216594591355,3
20.51033499589638,3
16.96402438969151,3
18.414040493561423,3
24.447909869392003,3
21.16592893072013,3
16.842647155046365,3
16.21153120412578,3
21.51909022237041,3
19.721272292983354,3
27.54374041264961,3
21.195282751754903,3
18.34243466908668,3
17.035918892615754,3
16.2040444760729,3
19.728176240005983,3
18.698909396665215,3
19.233168368459832,3
16.475878955117096,3
18.260133231300905,3
14.744044520698935,3
13.81633909232179,3
13.08649602304094,3
16.17961177397628,3
13.765144168269845,3
15.109780729541821,3
14.3366345732031,3
14.41189270999701,3
17.957135982222766,3
16.96909236048912,3
20.952952414805445,3
20.033743596262408,3
18.705035134786286,3
21.211499071517206,3
19.676542716053923,3
20.75994920722994,3
17.82222104931202,3
20.256806480508565,3
15.959198004386803,3
22.531485983423643,3
26.29746887211049,3
20.20815360530118,3
20.225648398219853,3
21.868719297411047,3
22.4043292409839,3
25.4076498300996,3
23.957076210191182,3
26.325537798064765,3
27.788824520133716,3
29.2344205234607,3
30.701288104310514,3
30.25897090483607,3
29.35072892468554,3
31.12814643100918,3
30.10049831815301,3
27.868025863525517,3
25.41775335769074,3
26.71504246267135,3
28.635669773681283,3
24.301773592783555,3
26.900697004578998,3
27.276274816883756,3
29.914605129329956,3
22.52282833544526,3
24.77606329352636,3
25.579497533451583,3
24.110314716114196,3
22.751502119065126,3
28.364380493520326,3
21.73481872623401,3
20.1735695645354,3
28.116879476268736,3
34.311130530671235,3
30.89366552145515,3
34.304115831269556,3
34.21752397172397,3
32.76267921723865,3
29.723373725716915,3
36.01687912998955,3
26.728241256492066,3
31.64939050306796,3
32.52059697408742,3
34.27704467680846,3
29.80823172730165,3
30.992137435952564,3
37.72439041145541,3
32.881565899330326,3
29.376844698162785,3
26.811226377096922,3
27.63537484791263,3
24.647297793398522,3
34.15734789728968,3
35.76024400667866,4
17.896745147313485,4
16.372548027160516,4
25.642892245543575,4
12.997252169842376,4
16.19818953302718,4
17.86041315319572,4
26.743356395289165,4
16.119021905151406,4
35.38174872584408,4
16.882969483826745,4
26.40974683924763,4
32.06605557385345,4
21.992468135449396,4
23.681268444970712,4
25.92333865311772,4
28.470504760169987,4
11.059162953442808,4
28.611142633138236,4
18.56571739611405,4
34.41279275990823,4
20.185409573534436,4
35.816211107383644,4
20.17929426879857,4
24.770836650526537,4
22.7403168532317,4
26.72182733874782,4
23.085381352394702,4
28.911779682993526,4
16.792379655925444,4
44.28592028994044,4
16.06382384308526,4
30.7121168887335,4
28.843614712155627,4
29.054261552948102,4
12.692153525465624,4
44.24389405617406,4
18.748451755527984,4
40.08400150687123,4
32.41117642756658,4
36.01772255252656,4
22.870227305524658,4
29.465294432821132,4
19.265748876238963,4
20.369605415138523,4
48.218310542666856,4
35.99641190305972,4
30.722866042503217,4
25.04322622769894,4
30.52566617373134,4
30.606495515558006,4
33.063317775508025,4
34.49297643389258,4
27.820096521434582,4
14.72314661276901,4
23.736491941795236,4
38.17101522567189,4
37.50298731904451,4
34.69568057164686,4
33.37153977927453,4
35.65654984444454,4
29.1919820783792,4
41.735376632312516,4
32.28872167376834,4
22.925149081901356,4
20.030980202941798,4
34.8336164142646,4
37.47020599727308,4
49.61315439264643,4
40.24493031755049,4
43.17053839490907,4
34.6594092065303,4
38.53419467193207,4
32.91580860224017,4
41.92094455949391,4
22.116506746427785,4
47.391015607744755,4
19.417120329964426,4
64.10850633565411,4
22.83560445382817,4
43.855194994981176,4
19.58745959007828,4
60.66226872095646,4
34.04626092336474,4
53.91162841453992,4
22.34094666656718,4
43.47530279051222,4
17.86504597366571,4
23.01191830002123,4
36.32556644871572,4
46.382782582133416,4
30.302418514092757,4
60.13510631627734,4
36.30413902579986,4
56.28025916652267,4
35.1078395910525,4
83.14546000697392,4
33.49050265336112,4
97.81455721361215,4
36.698977895185585,4
72.0939329937823,4
71.45537237572127,4
83.877252952114,4
56.493997156864054,4
96.13313383776065,4
59.387214125434554,4
89.28333800206838,4
27.12974903730674,4
82.43350559263044,4
32.32824668547475,4
77.94306506497489,4
67.98981335699669,4
85.74295542622515,4
62.90484531985902,4
104.8140167109622,4
82.76480436203265,4
103.2184230667615,4
41.966503679303784,4
110.79721983803037,4
57.437892883980695,4
16.59702524274914,5
24.16032407397662,5
21.119234741830574,5
22.60254786330645,5
16.88702428676912,5
13.212659658550487,5
9.10766227382915,5
11.111138648431414,5
10.941370087909842,5
11.879309050975419,5
14.967654113411529,5
19.351573683020597,5
20.658616509750072,5
18.36701657294559,5
18.984674656919115,5
17.931175666763146,5
14.604843771127268,5
16.336804689988096,5
15.495653313098728,5
17.4154375038702,5
14.81915541662214,5
18.193856402708445,5
17.53778091322963,5
16.18743368936971,5
14.637134395002574,5
17.078862327766675,5
15.267383198026941,5
21.050856891371023,5
19.571095738224347,5
25.98176483779574,5
19.29750811123538,5
19.467529326588444,5
16.07236181492038,5
17.26892240925963,5
18.67558074687412,5
18.923846664390744,5
21.891439508282733,5
24.621440145908103,5
15.160717927261993,5
21.079876761821374,5
20.491575416486754,5
15.303733005698978,5
17.75062215363094,5
15.737630259069304,5
19.10886455664638,5
19.099909755428733,5
16.915743735627544,5
17.96864132980579,5
20.320901095082878,5
19.62364680680489,5
19.326539914721746,5
19.022963524706814,5
18.196919263019364,5
18.984871760060813,5
25.327611001968826,5
27.10486896802761,5
22.50277030134494,5
28.105588106739358,5
19.458905575528608,5
23.351347095399326,5
22.15699269050331,5
23.163390519994167,5
19.940168598885347,5
17.69501793170366,5
15.392862167198025,5
16.630662532333552,5
18.313030518469226,5
15.345021217726899,5
15.453007762106013,5
18.15152239530306,5
20.725241418669576,5
20.766382155142512,5
17.02066085386418,5
21.2816192991438,5
18.593335178733078,5
17.25496605512039,5
19.764736873554902,5
21.253488901781235,5
18.685320199670663,5
20.82623675169395,5
21.910632105946085,5
23.956826386488274,5
21.546278640963166,5
22.6143289339915,5
22.469426774756577,5
21.626756467463775,5
21.49065087928307,5
22.113004786548377,5
27.401427889831233,5
29.66681395342598,5
23.212483312339096,5
23.220883585635104,5
18.368454726478067,5
27.121649486661436,5
24.92338061535875,5
29.399329118674064,5
34.08309261168434,5
27.3297203954688,5
22.909385508448416,5
27.625923728819185,5
25.400607040252808,5
25.919896060484145,5
25.560534127224535,5
20.624986531838275,5
22.09870859288286,5
23.425829715635178,5
19.883314501175427,5
22.890267417415025,5
21.690193427069957,5
21.027411766142695,5
21.13183588596943,5
21.01527751268237,5
23.12085462630936,5
20.332990688082543,5
16.235066011787165,5
12.803870153222267,5
17.2721922887306,5
18.295324946615477,5
16.84509068856396,5
17.85343633079575,5
17.376111472770358,6
16.379478959694552,6
19.85599345949226,6
30.62789596903454,6
39.1445885402554,6
53.68468513116181,6
63.18936233065482,6
63.68569489638895,6
62.77635661330288,6
57.44392217167949,6
59.7148548380254,6
60.284084776560576,6
59.6336329250852,6
66.7543219493813,6
56.659832641995905,6
54.613448749403496,6
61.21467176941483,6
47.16899195293771,6
52.073512560521294,6
58.79091382261607,6
57.674627558537274,6
62.1318499256965,6
58.696038324633044,6
58.55578917195574,6
51.517411490028614,6
70.0485780456395,6
65.7530055695195,6
57.72478040477814,6
49.319009200289,6
55.86892106719849,6
50.6465125356714,6
75.54728000428791,6
56.63706902277001,6
69.87851776263565,6
65.41000526791264,6
74.12716438724938,6
71.65408765779247,6
78.36196324985166,6
78.29405173957615,6
68.25672739891014,6
68.74869435474186,6
65.05582709518102,6
59.58380074513843,6
63.23644437252259,6
60.50975876555499,6
67.09198174847745,6
69.86812630433135,6
56.769013706547476,6
70.59575743917515,6
73.9987178897368,6
71.2174528180965,6
70.58687824420664,6
75.4331502815778,6
69.85484251906136,6
84.51366687242,6
89.13415729098337,6
73.9930768571852,6
67.71873565986583,6
65.71868834949103,6
68.83572872847479,6
56.936486612703526,6
71.16586363099223,6
69.8168618364502,6
88.0781460716978,6
76.9964920926697,6
58.03694541082103,6
49.771708016921274,6
49.75941858663455,6
48.647332286422554,6
51.82551063150053,6
55.823453345284335,6
52.08400797933378,6
59.43903087215213,6
68.64871795830001,6
67.20230898252866,6
68.676035836702,6
72.5448994163719,6
66.08017072736261,6
65.32864329039295,6
76.38067948947418,6
72.99186776239641,6
78.92415114240777,6
73.57187077006532,6
66.95286902619031,6
72.35627234941134,6
68.73172507530415,6
80.63201436364155,6
59.766533014243926,6
73.79899026147896,6
80.29079581580005,6
100.03918168488782,6
104.72306359711048,6
85.63910512221248,6
76.40647725714638,6
66.3536660733785,6
82.63181187047603,6
84.16211501609098,6
104.86002819960387,6
82.64572407791667,6
90.46991177599004,6
88.1326043956048,6
71.63593734780477,6
74.97670462024945,6
81.60146111680434,6
89.40186635650642,6
102.6732436218887,6
102.54270135493404,6
110.90106877454076,6
115.33886168591896,6
131.652835740845,6
138.7260869599657,6
96.21714016506374,6
78.05266406025017,6
72.94516061483598,6
67.50147620657977,6
77.85590064124196,6
75.54830685442415,6
85.01571343579258,6
88.32502837914332,6
78.54651603282585,6
27.197242432502488,7
15.720228770256371,7
16.028376522543148,7
12.105141409155898,7
12.767462746436014,7
11.721228823684708,7
13.234908194120736,7
14.387572780822547,7
14.816251911817012,7
12.15165895764613,7
17.617134066953295,7
15.718432256842991,7
17.443668833368076,7
15.17407719807714,7
19.308338429510115,7
10.336614752242603,7
14.254069778816042,7
18.483827518583716,7
14.368009697885794,7
17.144355665076354,7
15.45255364359707,7
12.078053467487788,7
10.888047683900254,7
12.297742378043512,7
11.42903339024323,7
11.410825471884046,7
10.913612963210252,7
8.783194148133342,7
13.67482852423139,7
13.42979801082663,7
14.264849010093183,7
15.276402893071976,7
11.604783293777615,7
15.694304535117306,7
12.232971501218836,7
13.37106880418198,7
11.122715094858398,7
11.007412232924372,7
15.481314387213445,7
14.898586090823834,7
13.254087658179559,7
12.02122854234018,7
11.950943653925695,7
11.677636544750339,7
13.42506384065449,7
12.870777408983505,7
12.953752864835247,7
12.616198964395958,7
19.617572957776716,7
10.633481754720213,7
11.93320577169685,7
14.787737726727157,7
11.10605970548221,7
11.084545691962274,7
11.087053117586644,7
13.06270416254564,7
15.404343542757731,7
14.11690244559923,7
16.110250204813806,7
14.622225626557286,7
10.548854642638803,7
16.74646941392636,7
17.45783628211971,7
14.428429322213919,7
14.792410186995767,7
18.26014493228732,7
15.814684204694112,7
17.587910679518593,7
14.300306599125541,7
24.413070692689793,7
14.802657420232514,7
12.181596636537735,7
14.614734941294358,7
11.377940282680273,7
10.169360683509268,7
9.620217031882843,7
19.28515780806533,7
10.779493319248113,7
10.662948199252668,7
13.536037249230922,7
10.762813763687877,7
14.517728970288251,7
11.526186646094722,7
17.272492262417316,7
13.84570124321291,7
11.237563076016722,7
14.120086697803313,7
14.194632402176302,7
16.17540056499991,7
13.765105898474266,7
12.512985188305583,7
13.121026458742513,7
11.282443063859692,7
13.47190765344292,7
11.428342207012,7
13.930184879489317,7
11.807160994493836,7
9.55386075641046,7
13.256489228878225,7
17.571197280790578,7
12.117988422146508,7
15.544204725334874,7
14.995113506358704,7
11.43325484401632,7
10.791282800863238,7
11.650193792724476,7
14.445509054664702,7
14.123416700375731,7
14.175375006254562,7
16.159167497551227,7
15.770474568548128,7
15.504178594660802,7
14.769422700926874,7
15.304661399724111,7
25.181581909559643,7
17.82581308865399,7
25.090381341887035,7
18.162029061170568,7
23.379169793596912,7
21.29977269952809,7
45.58184975906818,8
29.225270808558328,8
23.96807123097426,8
25.960736376232763,8
22.385926270581454,8
24.878748453690353,8
22.542831415728568,8
21.55946700425738,8
28.63933066985577,8
37.19568897149885,8
31.007090482062864,8
40.49451136764703,8
43.325851662797575,8
44.606803494030885,8
38.345849056308005,8
49.85491735125085,8
42.59863141036877,8
44.65500706931148,8
46.60817836643923,8
55.11426582894457,8
53.657179264152646,8
46.41248556351891,8
55.11766072741473,8
53.05329313915185,8
58.05244928891762,8
52.9055285149193,8
50.9754268885119,8
56.08835467956796,8
71.34377219767295,8
51.30026737544177,8
47.52948319180539,8
53.64969304315217,8
59.367383427783736,8
55.08667696183782,8
41.68215276645521,8
53.67315756243809,8
45.77949386524345,8
55.57909468204301,8
48.9622092032182,8
55.43463843466629,8
59.618307947734074,8
59.561440822725906,8
52.63777095041517,8
65.15924202996189,8
42.44782398447073,8
49.106824551373364,8
67.95403144826282,8
52.34082735075583,8
44.15751127409972,8
46.99120123059322,8
41.78226895575271,8
57.80010003535432,8
43.09113332849377,8
47.712167660996286,8
50.422524344085346,8
47.57172135998335,8
45.12237191316515,8
45.85542194648566,8
42.59660960285437,8
49.72914171567349,8
37.56093991006468,8
48.33651365716861,8
54.651043307092394,8
42.41940981988143,8
41.629841654802334,8
41.729286514790985,8
37.10438496273337,8
48.679745223931086,8
47.18689460812942,8
42.8227947040179,8
48.96250663526561,8
38.04069301111491,8
43.472540375678456,8
39.90445759977299,8
46.03084760370592,8
47.59945154332556,8
39.70859339562761,8
40.34819367339121,8
43.983332928486575,8
39.00355079018242,8
52.15909715297987,8
69.22081863450374,8
55.549534990849764,8
51.5046920958233,8
58.103450680865386,8
64.60522419715895,8
68.35749646311258,8
76.97004974278228,8
69.29089946982691,8
65.17951062929664,8
70.80271257221985,8
70.70924444509252,8
73.62846034290172,8
76.389563955311,8
71.79303289447655,8
68.44955536602532,8
75.31837168426917,8
60.65651227779071,8
75.8470646601435,8
72.49058170903588,8
64.58571316556059,8
76.4167329545535,8
74.6194960548116,8
82.53094730966954,8
93.36830014751247,8
87.69812288153125,8
98.47436917239953,8
98.69470207990977,8
96.4490973728315,8
109.36230417758337,8
119.54498476668134,8
106.31595283037606,8
98.43641277452983,8
77.03152795975348,8
64.14517561313892,8
46.80430811476166,8
37.033724942320084,8
29.423660189341273,8
24.966647724415463,8
28.326965925921456,8
27.456765329772793,9
29.669983522033053,9
33.7435620256469,9
46.746570330478356,9
56.970890021678926,9
61.60389722393518,9
72.15756272608134,9
81.61967171970423,9
85.70910862285886,9
95.98890069048666,9
102.03584349328581,9
114.17710553690299,9
107.06727500743752,9
93.92869388514114,9
87.08153137332576,9
94.09542415306214,9
95.17787325348345,9
92.49204175476538,9
86.49678823103487,9
84.72103609128862,9
89.37733321019304,9
88.5148550985619,9
90.5474712444323,9
83.12312083526575,9
84.91374475382847,9
85.96836392829675,9
86.80305207213408,9
68.47564012339264,9
80.90622574376955,9
82.64109156590474,9
75.90806972751436,9
73.72911967227782,9
68.4492866704533,9
79.54083295867336,9
75.05411355562154,9
66.6858808984432,9
64.78364669616022,9
74.25790167212304,9
67.18374688705019,9
70.1824833555099,9
64.96703364848152,9
59.300904438124206,9
57.17219824971524,9
57.521941921240106,9
61.25265374426436,9
57.83856905036219,9
53.33487671928041,9
63.39070720965026,9
62.471478630764324,9
61.26376700413565,9
57.773949610572906,9
52.125945151220975,9
54.91733963623778,9
57.270291809122156,9
59.1138178635207,9
62.591896088626534,9
58.53908163654107,9
61.60777990294378,9
53.143978895258435,9
54.35714076186517,9
53.8853632893319,9
51.8986256908159,9
46.13987049064794,9
49.93737126683105,9
48.772316557505256,9
52.444167920811665,9
46.923325808046286,9
50.55267954439413,9
50.57647505764884,9
52.995649533336405,9
51.87373934525551,9
44.66230262815461,9
54.52596363333982,9
51.666349421361126,9
43.78129327621066,9
42.1431450010989,9
42.82652070902971,9
48.502481049776506,9
47.59582380556028,9
42.42131368138391,9
46.10084611357088,9
37.12122306193532,9
38.45164481945224,9
37.585629773039784,9
37.18258900322056,9
38.753709451564006,9
36.35747105156523,9
46.21229578878077,9
32.93847389779521,9
42.25624719680945,9
57.069991022080345,9
45.82290765839507,9
44.19541617339798,9
41.43996145630595,9
43.148794108648495,9
46.15396237372302,9
55.26600079336079,9
52.722023186384625,9
50.38770345852214,9
42.76745316101662,9
46.46434127291256,9
50.43839363268035,9
45.696804253348134,9
46.47273199823819,9
51.695061934376405,9
46.491721303681366,9
43.554230345020834,9
45.56136516911505,9
36.290387718542846,9
40.55069905342598,9
47.40928479448657,9
45.518481713740115,9
44.470967175426004,9
39.92495200876492,9
43.261686204775884,9
41.29845635451501,9
48.72726981198818,9
53.25017972941579,9
51.9189733395589,9
40.16276188399244,9
40.79020969694302,10
12.501019219595163,10
15.17232523624434,10
13.908815294854058,10
21.113078073709815,10
36.894779116336,10
61.66439407897615,10
71.07388514926188,10
54.62236804174497,10
66.73466123091278,10
58.563903204644575,10
48.56933056262427,10
42.49755719902584,10
45.32532045185244,10
48.65961354285831,10
54.194879521662585,10
57.12639870830789,10
60.365864278267544,10
68.23695416098923,10
66.9217853188479,10
58.43722436673642,10
70.44915648062766,10
47.43258951056386,10
50.37559413769915,10
59.93720716011956,10
59.325020949557924,10
72.43562910111721,10
77.17156807079954,10
58.27903344179855,10
65.82992521410326,10
52.49383387017365,10
45.68741848940786,10
58.403562774096336,10
63.307923774713615,10
50.19080568304966,10
55.88290130481947,10
51.274271488864954,10
41.27095470899036,10
45.477924072479624,10
60.304331553025555,10
59.94285143714768,10
40.36950895040662,10
46.00143756428527,10
40.595753215246305,10
41.18275783979578,10
43.760885406425935,10
42.761623053693135,10
57.389515556325044,10
52.1021685406379,10
46.28122560371593,10
43.464265079037844,10
46.43659293984424,10
44.15479000403268,10
43.26953721502781,10
54.879537158677365,10
44.17114804535805,10
44.509522329381724,10
38.67698851155659,10
44.22131615398041,10
52.69687303309083,10
51.33390849955405,10
58.933968190559774,10
58.089596540890895,10
55.88342220056067,10
46.0381700411593,10
47.68931262075223,10
57.83692841848887,10
74.7404763248329,10
62.10657220293119,10
38.89492982341888,10
36.48993059785751,10
30.721658909212824,10
50.62727544631375,10
53.499739059309846,10
66.81574994237258,10
57.77512008888453,10
53.001375932849655,10
47.70470085323487,10
52.44871929879038,10
50.851810705167196,10
57.834111442070665,10
57.391884696131136,10
51.15226111083605,10
42.150373740109636,10
36.49946731553033,10
51.77378675753056,10
55.27510544645335,10
48.326269875939374,10
65.18996869583796,10
65.86462688743352,10
44.94183818802721,10
38.970366104443386,10
39.28154204725265,10
38.97640445716116,10
42.49878531527432,10
51.31105434304676,10
42.608668566577315,10
45.18912225084242,10
42.1462340459734,10
40.13596449191279,10
34.15177072448606,10
36.89076583157386,10
32.465242909536514,10
36.9141164616621,10
41.48733794973252,10
41.8163651748346,10
50.68256291074833,10
29.840373734194706,10
27.57966729450926,10
33.103942617345304,10
39.918206833771734,10
37.61980684323339,10
37.34025322389791,10
48.584619639599914,10
53.51302462112393,10
62.30633952781684,10
67.27854283048029,10
72.49934909453512,10
44.528544311100596,10
18.209264016738842,10
27.529565725617847,11
25.98260392986672,11
33.660909160427124,11
19.609066014691166,11
32.42891418093124,11
30.219778795002362,11
36.18984705675122,11
47.41813628644017,11
46.10385304035206,11
51.88453240233891,11
58.59313109850856,11
62.72499429884245,11
62.55133479119125,11
84.54902905643884,11
60.4102714152826,11
74.22710612153602,11
63.301085615507574,11
64.2933197432277,11
73.90200894873023,11
62.14248054299779,11
64.52841146944452,11
62.496798156577256,11
84.33896485401235,11
64.02148314251635,11
64.10754568837761,11
67.69447053330411,11
60.74493077080287,11
57.028740597650135,11
75.07257315935102,11
63.8535444533561,11
59.98595700357173,11
53.339328292710334,11
51.079855253500234,11
60.251261687766586,11
50.40002907015868,11
48.177587857134235,11
44.55437217278182,11
44.976746580956515,11
45.69395535922965,11
44.655589971724694,11
45.85678529322297,11
40.035379840557376,11
38.976537457294555,11
43.13547167285956,11
40.497825865765016,11
42.58372695395374,11
38.55516126585098,11
35.98683348164999,11
28.519596238997813,11
45.425848864987856,11
30.0601915362542,11
41.34222466758621,11
44.910781413666896,11
37.1740488151606,11
41.442686627129845,11
38.46143137772646,11
47.247110731652384,11
48.758346670996545,11
45.30437426890197,11
43.30555171054672,11
56.312137762300985,11
51.96605276713581,11
48.16179770115726,11
50.178650244725226,11
54.14755222059842,11
54.11653784850023,11
46.68324238115591,11
42.17329674195256,11
39.56538705084834,11
40.931310934283694,11
41.052491190959586,11
45.12805563758071,11
39.15502930180166,11
42.35376230768225,11
35.314165222680266,11
48.134403411136084,11
42.12843553754458,11
31.908068538310864,11
36.65841939247877,11
36.97358289113291,11
36.184905535883274,11
30.712921459771994,11
35.30924725070973,11
34.44916325962081,11
40.65792927817139,11
35.743908603480214,11
33.346549643969695,11
46.751914656562185,11
43.63578414767179,11
31.785580004500233,11
31.77160788611236,11
30.103147522128346,11
41.12283530605913,11
32.68566645621844,11
27.1353656331247,11
25.895108590730015,11
31.096968255006388,11
24.621476094952175,11
24.67151847440678,11
30.495956119086074,11
27.920210443262853,11
26.164774352283693,11
20.54809280671433,11
19.499923096841723,11
17.292488741487528,11
22.568299097137604,11
19.637933656993987,11
20.06245143463485,11
20.386907991163937,11
19.827632435764617,11
23.68425415735767,11
23.017604431238215,11
20.49121134677772,11
23.810325314965727,11
24.109809528947533,11
29.11451143292647,11
28.664248581512314,11
31.94250668019862,11
49.42207400742693,11
52.33948023192694,11
19.660808138858805,12
27.417548803073146,12
26.46463332383791,12
20.989979763609945,12
21.989327553470723,12
20.95314786172869,12
13.940737665800322,12
23.597876045317744,12
19.16395921139717,12
23.301639514128045,12
15.763552402064539,12
17.12755025037569,12
20.05521561924897,12
22.815335109602465,12
17.132124089107602,12
21.15252874015303,12
21.620052990719852,12
23.95894763779981,12
15.772925333857403,12
16.977240270812626,12
17.52738108202218,12
11.326480041538623,12
17.479155068507872,12
23.45243543616239,12
15.822930508539462,12
23.064758079868852,12
27.674397051414775,12
20.354010857289854,12
18.149921506894646,12
22.028809720626526,12
18.63864588187337,12
16.716674022802444,12
21.867582733022623,12
22.12772607175414,12
17.47424219167756,12
18.047381035663363,12
19.21750613658656,12
20.443662253044554,12
21.236957827627855,12
19.277531081424478,12
17.448267031618254,12
16.52424302348761,12
20.404026560422132,12
26.431032491543693,12
22.201223086931755,12
27.361942055289028,12
28.880708010295024,12
25.1771593364044,12
33.85600697210817,12
29.61756978724362,12
34.60461932997221,12
29.371613047014005,12
30.413301766412633,12
40.39562316580904,12
42.03287942212952,12
42.5415999816854,12
38.4773744454498,12
44.554073603195825,12
56.0298188708864,12
39.13111035373676,12
41.43125899623048,12
47.00919562556585,12
39.21234362355013,12
39.89280240871406,12
40.06843764549143,12
35.92183323159262,12
42.934141351759344,12
46.542582233127796,12
48.80627428384899,12
43.63410039454306,12
52.63684047446822,12
49.13790316618059,12
46.31182907756404,12
49.95508466185322,12
49.00115412912143,12
56.242509829683804,12
55.03402386619922,12
55.01493316339878,12
53.183390761873596,12
48.845715651117565,12
54.61325143845178,12
58.30928560416844,12
50.65821824135189,12
57.06625428339048,12
52.96547112030535,12
47.023533063454835,12
50.19769945393022,12
46.01767361045213,12
44.28517510706592,12
50.99846344649245,12
49.86387554969779,12
58.5159295580627,12
60.39993868602724,12
52.52550009088417,12
51.84574321321599,12
53.224818437582925,12
50.419162466124604,12
44.9187400349585,12
39.55762744682843,12
34.9858226851753,12
37.7827414171004,12
30.296529556013645,12
31.03755009129233,12
35.134814296615104,12
30.52370335993211,12
33.43375416821656,12
36.32860178867137,12
31.562184175629714,12
36.34781837679444,12
33.455372928938786,12
33.47441848907292,12
36.99884041630872,12
39.57362390591211,12
34.52362084377889,12
40.99692497756063,12
40.66002587123901,12
35.28793270469135,12
32.70210723434691,12
29.22104534799437,12
28.828055159778806,12
17.69625920334732,13
22.76381492606073,13
42.30019562003609,13
73.35822704606174,13
76.54369945375691,13
63.12944638792007,13
58.64517075464236,13
57.434918188728496,13
57.423004480255834,13
54.81197434149872,13
55.156155977399095,13
62.36083610647305,13
52.3668635142388,13
39.811947978000134,13
62.966442141956364,13
58.64141141833614,13
57.16111909231681,13
51.84213033388883,13
54.32631914672697,13
61.96117018278792,13
56.16359004946712,13
51.08646211256342,13
58.54325649418418,13
51.73350138376677,13
62.90135420207616,13
72.91790840982398,13
68.7065319182441,13
69.51754528883409,13
71.23938782781215,13
81.17436497319713,13
82.9953161055913,13
79.55129896130593,13
72.10026237139614,13
86.73012640494261,13
73.33836283899825,13
83.25659493274364,13
65.27166340463836,13
66.58417116426553,13
57.73872688736343,13
56.06445832571776,13
63.693855082751156,13
68.24673498903825,13
57.248220628086315,13
60.43348664490454,13
68.50347456412796,13
67.93127218339995,13
67.0364356670452,13
73.96788384303142,13
77.68958461909371,13
84.48028078712153,13
76.79953156564133,13
75.16834434033387,13
82.60549376001913,13
69.10242785223603,13
70.65943796131938,13
88.16792219821717,13
104.18596637690156,13
98.1584161717153,13
101.72827329647775,13
88.95836838893575,13
82.99399304034836,13
65.02818328574423,13
72.34237731646893,13
72.71402297287126,13
73.05285242198065,13
68.89601034713543,13
68.46757275361263,13
63.97914996627287,13
74.30350990863724,13
76.7734696921642,13
71.94427973308787,13
78.0580804689807,13
81.75119587244914,13
84.284492041499,13
92.67768025893048,13
84.72230488006572,13
75.22167109265828,13
85.04710914010344,13
87.44155246679661,13
76.63777328128975,13
80.24840437314164,13
68.47318379874936,13
69.7270505598001,13
75.87008543475996,13
83.97522988080824,13
67.25150632493072,13
69.25906113267067,13
78.42607521750246,13
52.16527251975235,13
64.6602057181742,13
56.20036693298463,13
68.81798915395696,13
82.63051072624094,13
102.53444372868957,13
84.13889465469956,13
84.89133589404058,13
70.80281041551527,13
68.86427331009008,13
79.84498073686166,13
78.95073057918412,13
61.23009451535612,13
71.01569273432058,13
68.79611730995565,13
59.01706713511193,13
75.4444425943239,13
58.31554212846068,13
73.81763163622463,13
69.3884914815902,13
58.39703790654069,13
54.83270263827922,13
62.66530991444663,13
60.478717558075424,13
72.751079660876,13
70.96755930847362,13
56.80082767513609,13
52.42714715731951,13
48.776355114935974,13
57.23042359984047,13
53.013709365612705,13
67.43729893700498,13
22.97610950446828,14
13.672703858704585,14
11.692307849427634,14
12.228621999312791,14
13.954741746279264,14
14.733668258011008,14
13.149697610912952,14
14.693891035913353,14
14.210967965825404,14
12.948969533363439,14
15.011109177585638,14
11.671599040907983,14
21.852401708606717,14
19.685649653064555,14
13.065496186991176,14
19.094762526603095,14
16.967216901827364,14
18.0426433555685,14
9.159516937996043,14
10.99142710153059,14
14.27818527521032,14
14.13769936593702,14
12.144373833077104,14
11.668310259757991,14
10.708326165176407,14
13.372565552201394,14
10.024404735181747,14
11.196892923240153,14
11.724692385028444,14
14.348075848729051,14
12.822506348534205,14
14.019883938429158,14
11.99523045516158,14
10.636265454909019,14
11.77181816946442,14
16.712195524646564,14
15.57706768007427,14
15.389742047895357,14
18.212191365424882,14
13.116979683689852,14
14.16838239558822,14
15.82353527900539,14
14.12036363299814,14
12.646773514505627,14
14.212339357506943,14
14.398395797662397,14
15.486502800650618,14
13.203467902866171,14
12.192424062690487,14
10.762141620972926,14
12.682153103116917,14
10.315454484785421,14
14.767964798486702,14
15.76868425828009,14
17.160346026636883,14
20.041851296307627,14
16.943782618653906,14
16.434700791659466,14
18.476197161775428,14
17.410574281769204,14
22.895029907864508,14
14.49313234514861,14
22.380581673513717,14
19.23564006822707,14
18.391839699481203,14
16.926577099202476,14
15.210373771392753,14
13.479067658152088,14
16.461375934443932,14
18.407244561465255,14
23.754949947082626,14
17.275359290287778,14
16.133434688515766,14
22.29165230407413,14
19.437317164865703,14
19.769359831688117,14
16.509539199723104,14
17.15477095253932,14
23.396089952276863,14
23.834973919845392,14
18.706198221058816,14
22.391496790750473,14
16.923677593390387,14
21.855324851424623,14
21.42194993980486,14
18.603361650610367,14
20.25539011900069,14
20.024871715516596,14
24.191352034237852,14
25.75946707925164,14
26.09841046399786,14
23.40856086291112,14
23.690117353212436,14
22.987548561444452,14
24.620678112359208,14
22.96535885272384,14
22.879129945768195,14
22.09653757349873,14
22.562923677313226,14
22.255131843666724,14
23.50442815992539,14
24.50757772026455,14
21.958151149575322,14
22.37848924534215,14
25.333028684517576,14
18.27018262932649,14
20.010131848454844,14
24.057655951874324,14
22.28303736280497,14
20.188740444832465,14
19.66638916894496,14
23.06573805326956,14
24.43889846999961,14
21.829015652401342,14
21.763765226262507,14
18.954697004249525,14
18.185967692841107,14
19.581041378850422,14
20.380437572475696,14
23.969251053621804,14
17.358941230805787,15
19.850317666686834,15
21.25263838174554,15
32.9814784409418,15
30.983583465766248,15
57.22157256126143,15
62.67568138778812,15
75.07648088683722,15
88.00273245044772,15
92.78439197479662,15
92.15273381354268,15
100.70053660254027,15
92.41144905030166,15
84.34155041835427,15
80.8705612436738,15
87.23157098207066,15
83.67599177125908,15
84.22815623060991,15
76.56001958206964,15
69.21335947575206,15
79.75738684169218,15
62.2111842722029,15
80.5216380222786,15
68.57730447163578,15
72.57089701176567,15
62.54355947705583,15
70.24126376126418,15
66.4746501404434,15
73.58816017082924,15
70.57519755334965,15
54.47189005457192,15
64.66378887195626,15
62.65179242623865,15
61.41751888342161,15
57.31001651539234,15
52.40517657667134,15
54.291168534856155,15
48.2907303194809,15
53.96613430447011,15
60.87493563570678,15
60.91756743891888,15
51.346844082278054,15
63.45111816980793,15
59.85029194806742,15
51.67241248278486,15
61.230432205017706,15
61.92792030898013,15
59.16026751724822,15
53.84009301243637,15
53.21102668524917,15
57.2851416838269,15
54.08438682313829,15
66.78623362772232,15
58.238123839420936,15
42.8002258525475,15
53.04524890746368,15
57.84523238907655,15
58.622263474186916,15
45.40654067184752,15
57.85946407170972,15
63.05087096514522,15
59.30109111638385,15
71.83065097220349,15
65.45507745723354,15
63.66142938721241,15
67.45390438056727,15
57.06111636359958,15
59.585178005196354,15
61.36785740921155,15
62.7301542990286,15
51.56518060311894,15
68.51204797734862,15
56.4563606282281,15
63.816179137373126,15
68.23207920132862,15
74.49905146693979,15
80.65384223761649,15
70.45255812470785,15
79.7384122334691,15
77.72471770950132,15
66.23737417886784,15
70.55582670043925,15
70.35079590183314,15
60.93622842896628,15
51.10733299586943,15
58.506787316044,15
53.442308198463806,15
65.24025695390092,15
53.594681178845974,15
60.11318371520299,15
60.29068431048322,15
65.6882797580995,15
63.316026331773216,15
58.55720779510131,15
63.36331068850463,15
59.113406438280094,15
54.61966727635328,15
55.243759653342345,15
44.53715435978021,15
46.68143985922516,15
54.35322438829534,15
47.88785507689499,15
43.70411172790335,15
39.94601148395441,15
45.21656575323156,15
43.17818919756945,15
32.18614358280522,15
48.62535106229094,15
44.49739073646188,15
41.55803674677178,15
48.15933867810689,15
38.0781506388286,15
36.98090549865874,15
42.37177061776456,15
36.20841928472478,15
41.71765021529228,15
37.91995248698173,15
38.64445567322203,15
39.92712467624684,15
36.78103685254333,15
37.977670570212744,16
18.577641425983778,16
13.342817292042339,16
18.20607618416759,16
17.94201310563786,16
21.301491643815126,16
20.479972438203784,16
17.310429984941898,16
20.596597167038446,16
20.647329414868327,16
19.7093693232218,16
17.18255329866125,16
21.325455672567134,16
20.42338034973412,16
20.42468013036019,16
18.308308649987723,16
21.95986750298836,16
23.649177120433492,16
15.346490007458165,16
15.458963509849273,16
16.780123176537547,16
12.996311396406838,16
18.59809631720261,16
16.56937562691785,16
18.41450350251681,16
14.695710838976474,16
16.65679044522497,16
16.465287124016456,16
16.551078242892892,16
16.681096633622204,16
18.390792136867233,16
13.185273585694745,16
16.37337202168973,16
12.779727456524634,16
14.227168947152881,16
17.939264029475204,16
10.97450775926961,16
12.706032509750534,16
13.216785436102331,16
14.872385312804509,16
13.817587766466985,16
11.55390288413468,16
13.964797036798991,16
15.122204965184755,16
15.085217189430544,16
15.537957139686215,16
12.252649259041911,16
11.742977546400908,16
11.9514461517791,16
12.238832099185732,16
14.101928846305919,16
15.647734625941789,16
12.75322827798191,16
13.877993415968028,16
14.295500425302928,16
13.23879752474786,16
12.997784381882862,16
13.031837829859118,16
8.932685286622727,16
13.148675118156756,16
14.417052534133273,16
11.2813783631801,16
7.725728020246139,16
10.074205226244006,16
12.866058450562049,16
12.965612309847259,16
11.709934816142626,16
11.93006218228033,16
10.133792708121405,16
13.301105004001027,16
13.167299471428901,16
12.649720553291704,16
11.755794085291896,16
11.237550020482281,16
10.087343717332672,16
7.578108177631616,16
11.325265713633687,16
13.240986947469597,16
12.090739537513096,16
16.851916079860416,16
14.083247742626387,16
11.211776595391953,16
18.312902291347566,16
16.87995804260241,16
14.67096363718634,16
14.581248704477984,16
15.181032033364767,16
18.287549418783676,16
17.020543101532557,16
15.21618235709847,16
21.201419803231996,16
15.55734017752831,16
18.527984673918823,16
17.453004879111226,16
19.86473934700866,16
14.885052453260245,16
16.174783216209544,16
17.688068680700855,16
17.104829615871424,16
15.62204646109222,16
13.429870177691198,16
14.954085921737118,16
16.620994926637202,16
15.145900180166716,16
13.720704586764786,16
16.16652546379814,16
14.792012421516347,16
13.99367899025273,16
18.384663940608746,16
16.778622194731586,16
13.023921063786275,16
13.918225555289343,16
15.190163227423056,16
14.814488137558072,16
13.255791816704443,16
12.567091166975251,16
16.248654771868985,16
14.890955576568606,16
15.397431795458377,16
15.952615929163853,16
35.8593524980434,17
27.148556525836398,17
28.989712601284367,17
19.730015148987025,17
21.521376413297276,17
20.694378645627626,17
20.8920102905807,17
31.569579968217866,17
38.34806955517198,17
44.185326754690095,17
53.17233435708204,17
45.79005623512927,17
50.32447863826001,17
36.68536159630111,17
38.49938134515587,17
54.85632264665485,17
62.95957936491499,17
64.38084178899376,17
53.61360163839756,17
42.27227088699582,17
55.65339586512062,17
57.685443326311244,17
42.91657913093618,17
41.84880893468492,17
45.910076043694275,17
49.77020931832541,17
64.44687060288456,17
60.955780430641475,17
64.3167945487427,17
56.81545074646565,17
52.90666491114549,17
53.72387121959438,17
43.30950477978524,17
36.34321696050985,17
45.23375970283026,17
53.69885230666536,17
56.90635473573333,17
54.21743400479588,17
61.00533410461423,17
57.89718028748688,17
48.542388424989234,17
43.273229218597635,17
40.807367840186885,17
39.068655768449084,17
42.79809797243741,17
56.7366516049332,17
53.11265076198011,17
46.89870639225309,17
52.931417341607634,17
48.19321041401057,17
43.855961968475576,17
45.44714887611982,17
39.798209617050084,17
44.18113143378486,17
53.87230221471485,17
58.33832179741082,17
63.61840297871595,17
48.7553993941312,17
46.540661062237675,17
60.48714683392716,17
51.227207057659896,17
48.868990487215314,17
45.51709938615985,17
40.05431522764428,17
44.51758341643652,17
45.595099619846046,17
42.70882197446977,17
57.930592565467784,17
62.45844174604113,17
51.01533693604979,17
47.32522415347899,17
46.79648748534309,17
45.569052534339434,17
41.62401711599774,17
44.60908595914156,17
51.155607966925444,17
50.60151424141535,17
52.611658407262865,17
50.033728471409624,17
42.79056215023803,17
38.86140071066108,17
53.68801418913755,17
44.061623893203596,17
55.73504642641055,17
52.77378713453535,17
44.15196481935168,17
41.38290711208571,17
48.45643850700761,17
40.951429396770976,17
49.5804398613693,17
49.54464871284283,17
51.21510353299468,17
47.26382653106549,17
63.26496430046675,17
46.11898476921186,17
61.26268128646489,17
50.01441601534276,17
50.982471999990416,17
40.792358895119335,17
52.17549672168797,17
38.36654892661488,17
51.333295562173895,17
52.48802362119906,17
55.20240643209248,17
52.502575334719864,17
46.140161983081356,17
52.90905797502458,17
49.20742875307941,17
52.11846142687514,17
45.64729206120966,17
42.29430986540997,17
48.178115244722434,17
57.94572140201172,17
58.81702076979753,17
68.79773510618051,17
54.85605599521169,17
58.955153733912375,17
41.71324872536342,17
27.36229604625891,17
22.307866478227258,17
21.8689238891384,18
29.410692252577977,18
21.205810073659823,18
31.96230799380241,18
31.246493287904585,18
37.15812750709856,18
48.034643839295654,18
48.91192516659463,18
60.141828580979045,18
62.959628123333324,18
62.76315221540714,18
59.9776452439692,18
65.5574891592177,18
76.6231071370883,18
69.03999938595574,18
80.37274145257496,18
71.12143827042199,18
72.05954939318778,18
64.1985833773686,18
69.48684372606657,18
75.67452996334946,18
71.14695175967941,18
65.15033816419788,18
64.14209223607625,18
67.40671929539876,18
68.51093961624537,18
68.66522448179197,18
62.6507923707354,18
73.39094359948331,18
69.74166312985726,18
63.72779186611572,18
48.99123978804577,18
49.00789594879574,18
47.530248226145,18
56.53476932649575,18
54.119489331413725,18
52.33177931132991,18
48.26166296358552,18
46.46278012404893,18
49.57739881750645,18
43.46585364994962,18
38.63761733549006,18
37.823207859419256,18
42.134180699676186,18
37.172963487455625,18
36.9384373409271,18
43.03994665480929,18
40.809051018225226,18
46.70978409487378,18
36.63346522801907,18
36.862323462925595,18
41.76930931755304,18
44.082318493804294,18
35.940271275070856,18
33.84095622553627,18
35.869200930698156,18
39.16994753399047,18
36.9511301825317,18
37.526488645614634,18
39.94755678428225,18
41.46442006818537,18
40.44752728463818,18
45.48507855128785,18
41.82111794487521,18
41.23852893288003,18
39.04711567395814,18
34.40357278231317,18
41.75621054692295,18
31.427425810668993,18
43.99227745556539,18
33.22419680891101,18
38.13821446256972,18
40.62348087791552,18
33.75821765931991,18
39.46272462362745,18
32.74525180432246,18
34.312106175960835,18
33.76177762906228,18
35.602924115181104,18
34.328855073711985,18
29.03288306162364,18
29.81777217248145,18
28.500293242981638,18
32.15909318325575,18
31.68579933828188,18
29.641384476594492,18
30.799642342433938,18
28.544854452301088,18
29.28018733641607,18
31.442541951341767,18
35.111017571869944,18
30.132871339720527,18
29.207544948086298,18
20.84106640069291,18
24.026872782818867,18
28.197582309735772,18
24.128290447134827,18
24.6691994251494,18
24.634291203837993,18
19.554119280219496,18
27.601249478231587,18
27.822115949662315,18
23.425589863635253,18
24.985639143576172,18
30.600036724695897,18
34.64978613078641,18
29.61330683399705,18
35.12430108729426,18
26.60762590745837,18
25.3862865804758,18
27.913699561125263,18
32.669290528690084,18
26.829529315911305,18
28.29845508291482,18
36.44178548814418,18
35.34798104527572,18
35.614189450121025,18
43.69947021441453,18
40.06300145811677,18
47.91412180113121,18
25.682885510069916,19
24.897903562188592,19
26.49996908655615,19
21.70889613145221,19
24.683041663399013,19
18.896831830396273,19
25.444288530208514,19
24.026407246845302,19
20.1378873187958,19
17.599710244818606,19
19.77833355328644,19
22.655275584923864,19
18.81443508932111,19
20.56329861708872,19
19.16755866078065,19
21.33390295831482,19
17.54316590044393,19
21.872965163150596,19
19.498244458928244,19
21.154624553148338,19
21.56742534632227,19
22.678917934883223,19
20.038857011496816,19
16.604788940907728,19
17.582466645500393,19
19.46986613480377,19
17.524705753743014,19
17.135141906445654,19
20.26748264149247,19
17.203995420156073,19
21.29834015089599,19
17.594736434710594,19
24.55642985151829,19
22.384502411059916,19
22.719133168827344,19
22.83823865973442,19
23.642885884796904,19
25.014903709451886,19
22.26211783049404,19
23.761984680796456,19
22.011355987481537,19
23.013587413616644,19
18.802983021315118,19
21.871059267054946,19
27.49470278610562,19
21.34050354270249,19
27.7316182317057,19
20.883184282994666,19
25.115646590444772,19
20.930834479850287,19
27.83942421308251,19
24.899709927301203,19
26.753730828579865,19
27.565732243707398,19
28.561631454279265,19
25.067797044802585,19
22.79824838701226,19
25.42165178001641,19
20.287202241047222,19
17.50456685543596,19
20.80851168017244,19
22.53582324055943,19
22.275306693407416,19
23.798745953253675,19
19.9470345440847,19
18.754793151690777,19
20.75453003756869,19
20.399352721799914,19
18.95270013889209,19
20.887532988049024,19
29.596744121815604,19
30.184759325014202,19
29.589862344911428,19
25.292620623484346,19
24.081463377368177,19
27.260169296704635,19
29.878923124032877,19
29.07384830642299,19
26.93680619239225,19
27.74840538790226,19
28.40778281260877,19
29.931836397527476,19
29.731886071169253,19
28.374220226906086,19
29.47633016546886,19
32.328614531385995,19
36.3223048262718,19
31.45197529376738,19
29.93611033134922,19
35.835667171555805,19
31.162442062376538,19
35.56962307120114,19
36.04593147385938,19
34.250618353848814,19
32.45882284106861,19
37.033390326748275,19
32.78371672379181,19
36.88673132060466,19
34.64986414340343,19
39.39281896599656,19
30.539907793222735,19
34.13632502949486,19
31.383728517114143,19
30.135642607372443,19
33.3370993488801,19
31.293530114740836,19
28.735444361213467,19
28.40313286419183,19
33.284648564609256,19
27.827774643839067,19
31.72566948033866,19
29.567068761078506,19
29.808847059025528,19
24.422997188499668,19
27.639770499713972,19
34.200686882090004,19
24.196749103365846,19
17.40520043375611,19
16.310088151849317,19
23.21839187890066,19
26.58512657828044,20
25.760551942136473,20
27.659531036923173,20
21.675245226297022,20
18.539276141143688,20
21.508371013107777,20
32.1622222980307,20
33.79093343375815,20
60.01056531229791,20
53.43048511303792,20
44.29167708900796,20
55.27880159855513,20
43.045391138332526,20
44.535890784284014,20
40.67599961118175,20
43.154688961243984,20
47.17275459071057,20
60.70261896371842,20
60.521181926128,20
70.46898557774375,20
62.3374702398306,20
63.355309907128216,20
57.77544156465684,20
55.77712073115219,20
52.73625092272516,20
50.81459347130172,20
50.72607297127068,20
39.51592517055736,20
34.45690514915944,20
40.787793775848954,20
39.33705230497774,20
54.69944443235249,20
60.40348936630459,20
50.87039460855313,20
44.08861843690388,20
39.9161751823896,20
48.04924348518891,20
43.862998232810966,20
40.26755467911803,20
46.79329738094669,20
43.90119441159561,20
45.824661187861864,20
43.775448192301674,20
38.317239569369406,20
38.90401585191162,20
55.40097049289806,20
48.54184723458642,20
51.13766763531575,20
63.71675725622812,20
61.418091872665826,20
49.40636454693409,20
55.74615166079336,20
45.687764740886855,20
55.90678646550874,20
49.965117095609955,20
67.0764455654429,20
54.37919445617084,20
57.63529240492924,20
52.945554171101875,20
60.694942519861684,20
72.99952238846515,20
73.32119327880447,20
65.81614216093645,20
65.009731546617,20
70.7550044488635,20
66.41056734223945,20
65.14513646987707,20
60.402400800876244,20
63.70945183776535,20
58.160025343955006,20
68.99224995574068,20
67.67621295064563,20
70.78626711081883,20
65.30068822040421,20
66.74396824981993,20
69.56376582099654,20
64.30476114999793,20
55.63678341733779,20
63.783918816026414,20
46.269353679070036,20
51.00105419035687,20
60.77074860615858,20
50.63129901192372,20
59.55573618848854,20
48.0549449985757,20
37.265176256327024,20
32.77337988087612,20
36.72286881240034,20
44.88062990309104,20
46.78348417067409,20
46.588791640489056,20
53.089738131899985,20
51.235439330621574,20
50.02882177862293,20
62.13163419135033,20
47.22724642467742,20
39.89261372065639,20
40.24744604166471,20
39.160934626152674,20
26.67658370416045,20
26.348247561209526,20
30.455177463184803,20
30.40415078220218,20
38.96704313924062,20
44.942540168602775,20
45.15087498716695,20
38.438132095620325,20
39.094156872753935,20
46.33264344612759,20
46.8860883157067,20
37.047018606601455,20
45.44703260800797,20
58.522833305292345,20
75.70156924768436,20
73.40787188714813,20
70.07206741618998,20
61.930693334971906,20
41.947989596926426,20
20.632200474531604,20
13.187985519802448,20
26.78494205731432,21
19.304929209897423,21
21.63816404053108,21
29.32025945560346,21
29.34037632409834,21
35.15512266480469,21
44.78352088734882,21
42.388793405424465,21
49.80552084136454,21
58.61095034546692,21
60.240249788161144,21
62.73596494410478,21
68.77421458402254,21
78.22723081592174,21
81.43196198565815,21
76.92191075413,21
73.7635737493452,21
71.00667848858596,21
67.21737066712855,21
72.67053352376399,21
65.4199701879751,21
70.94978866380205,21
73.68415495743494,21
56.21413968126506,21
59.60620430482249,21
62.59877919215833,21
53.576152651763856,21
52.11834737942626,21
57.28592967239554,21
46.1479648660562,21
49.77470043861567,21
42.59924218153205,21
51.51379738596668,21
43.152052262730344,21
49.509544241599016,21
57.98111799518134,21
41.3655700853744,21
47.572137614351725,21
53.85150908991419,21
49.55155051417776,21
54.32499296627309,21
49.363082118147524,21
53.57888250286409,21
48.44768154036354,21
47.84053664576591,21
49.73129224566673,21
51.65334322220327,21
48.09929145289134,21
46.383184517017646,21
41.5574383077467,21
42.50594673993828,21
42.73494889189186,21
41.544197601103605,21
41.153883651785094,21
38.682032225046115,21
38.71276165432437,21
36.68726287106314,21
43.438183121242645,21
32.875900826178004,21
37.692097804081925,21
38.842420121913264,21
41.56190222908229,21
31.401108932557705,21
29.34026111101355,21
35.832039307257716,21
36.98129403727516,21
34.154303602688294,21
40.23186425626663,21
32.22571620967126,21
31.880952134502333,21
42.54527369112562,21
37.502829170028,21
25.673145921203854,21
35.07803972324765,21
34.836896229751126,21
35.40284023811703,21
44.03869355429709,21
40.5310454308484,21
37.408300025213556,21
37.453303484385124,21
34.188287808250486,21
29.535401150542693,21
32.44980813234718,21
35.33089269705976,21
35.88254450314051,21
38.799918963190194,21
35.64208880022493,21
34.5763684442157,21
33.59787230081934,21
36.61734549589066,21
38.94540804273387,21
31.148497092877115,21
33.36690964263509,21
30.320401009494287,21
28.21173299448592,21
26.959844797659162,21
25.669196917507637,21
29.817115566323213,21
26.66557214935586,21
30.097774771586728,21
21.81975306357127,21
26.398540313460565,21
24.89650558045489,21
23.15736224276228,21
24.8428093776656,21
26.679395994360608,21
28.60966999357719,21
25.11413622233013,21
21.019722664856367,21
23.898663321801614,21
27.63775487162467,21
22.159609407725203,21
22.918560754846375,21
24.95649107792893,21
22.38153438516845,21
20.88007455891463,21
27.28363844083474,21
33.84969950013229,21
39.530689996271526,21
42.93439174376569,21
28.119165037399114,22
23.28833643880069,22
19.44148447628212,22
9.429826979056156,22
8.448913937642484,22
12.353045797172978,22
12.769957414344868,22
11.50820590596191,22
11.450825884370678,22
14.62673597937562,22
17.353113571252518,22
19.6908021753995,22
22.974631523151594,22
15.271020649057757,22
16.656564641121204,22
20.232008881618714,22
19.74484192401139,22
23.0322321604282,22
19.030425193713246,22
20.35683175057137,22
15.086383293071561,22
18.07136592026003,22
17.81159846579759,22
20.1349669420256,22
15.580509275071712,22
23.508775035834585,22
15.898567113868879,22
19.212862755201847,22
15.357542212920348,22
17.210468219606067,22
18.10395022138783,22
11.660732427697642,22
16.169820474069958,22
13.156124634934264,22
13.039491700097994,22
20.753160434021932,22
13.756791513106466,22
12.852845644925898,22
18.590007624126883,22
19.628171360921176,22
17.47479369830819,22
21.293839590522186,22
15.897204248486883,22
20.61421580673333,22
21.55043807036983,22
17.279827457769255,22
23.534551540069902,22
20.10739909662538,22
28.174768831024657,22
25.508065762306,22
27.824357445228927,22
30.098234821517096,22
30.179454737832693,22
35.64699082872087,22
35.96411276431555,22
35.94663776994103,22
36.83740812395981,22
32.845822688907276,22
37.07847749634492,22
34.730211149516876,22
28.888530667491594,22
29.659202236867824,22
31.262595694501652,22
27.39074517178413,22
38.63336454947577,22
34.050454970671,22
36.37139318054921,22
36.8553692247612,22
35.77121753645484,22
39.539312764345176,22
40.372501421206415,22
43.856624734534535,22
36.62642436645116,22
32.49318113535347,22
37.050377108625945,22
36.430096615513456,22
41.49443697911665,22
40.223478034221046,22
40.30351323039097,22
33.517555913850245,22
35.35709045013792,22
32.95007996241141,22
33.22323576814425,22
28.578367476053582,22
30.89063917888386,22
26.17147073919218,22
24.172838897741176,22
25.924576019252605,22
29.698185223298637,22
28.337485196260683,22
32.59948518621826,22
35.74040189654113,22
29.15695141299135,22
42.91349510730484,22
39.3491725685415,22
39.853594553093174,22
36.41153243582047,22
36.56215661783848,22
36.652112107405685,22
45.985778648996636,22
41.00048570301336,22
46.02825944339421,22
33.368763821343556,22
37.95981074794811,22
29.6236212557722,22
37.8799845981506,22
36.81254544439113,22
41.66235981481998,22
39.56005103943327,22
40.61986603466232,22
37.88492745321332,22
37.071460008600575,22
31.43400456652869,22
31.517216715667317,22
30.735750468620957,22
24.076593927854347,22
29.667881207793442,22
22.301115273841173,22
24.290448096053996,22
25.052286904806053,22
26.38372158983065,23
54.06511622878762,23
84.9812903711876,23
59.05877695768399,23
41.43578687845701,23
31.534878769919292,23
32.931959763186605,23
28.26594047065835,23
42.67775045600897,23
44.65232298528946,23
48.80563856030004,23
46.072904923039765,23
46.018461429739666,23
52.94427187504207,23
38.80871120627457,23
39.674634086494585,23
36.6627741680892,23
41.65292174648541,23
46.89230784043129,23
64.68028613954971,23
51.47640215879513,23
51.61188206832404,23
48.01598047704719,23
46.65963406225193,23
43.43459293809371,23
49.32400564953491,23
49.832196167007474,23
55.563523642394514,23
60.26629830701155,23
71.50000991207276,23
59.299066251168234,23
47.8343175404597,23
48.14263802767061,23
53.20235741271688,23
43.05142406035657,23
63.41092617520964,23
61.11436937170472,23
69.67735422100998,23
55.192646185925874,23
60.978148158105896,23
54.1164531938729,23
56.343201809927194,23
49.819342770242145,23
70.51087189499316,23
47.82442057814619,23
64.34346306296759,23
62.8100080535105,23
70.52426195697305,23
60.488999296418896,23
51.875937536989746,23
55.493364412234136,23
63.791265529653614,23
57.0944924201576,23
82.86759328185083,23
62.889059660290286,23
73.44287091318179,23
71.58459452450869,23
66.91925871317855,23
83.73086138030655,23
64.06246945625644,23
62.273196118332315,23
44.560502204679224,23
57.87247844459492,23
52.166678224797735,23
72.86311797750147,23
57.47571072754356,23
59.844019447907925,23
61.25210712578211,23
54.66671443701568,23
48.88067160949364,23
54.72199084064922,23
56.11436279330388,23
54.66425597110006,23
41.93022660300875,23
51.08589120583973,23
54.95270581631702,23
65.69135469565883,23
55.81018173628944,23
62.866170680379426,23
60.41086504441495,23
50.24668818607735,23
51.10028557817097,23
53.03560580940782,23
70.28599908874588,23
59.832413698767816,23
58.64485628999426,23
38.52222039867932,23
65.44872113928065,23
52.065594793732885,23
51.890020011981775,23
49.32467267832679,23
71.89720591329629,23
46.77094494072385,23
61.03280796592472,23
71.37545541855363,23
51.526896767517705,23
74.62756408553388,23
76.70758781433491,23
69.58157249846326,23
82.86149168024903,23
67.19815292541968,23
59.80027442427692,23
73.78533754701984,23
78.47491212990924,23
66.16627709206915,23
69.66076159533979,23
53.58233886305939,23
46.47041444658679,23
51.68299150040135,23
59.733636561365714,23
58.46487196136416,23
46.08904650773568,23
47.8464917610269,23
40.13600391673681,23
38.16979929648891,23
36.12816855440192,23
38.39585212528898,23
27.70912361511951,23
19.020571941210136,23
33.788424242186096,23
15.022784359713464,24
12.30641396677899,24
11.578275668540325,24
13.205082829092891,24
10.127542426521844,24
10.259385650991488,24
9.11104998376979,24
8.82502916499969,24
10.489113304253197,24
10.204333451724883,24
7.860094247847269,24
10.686153856992096,24
9.443776163242495,24
13.340433674893776,24
12.58260678506008,24
15.260628560599963,24
13.549434246959365,24
19.000271001670196,24
18.547357909319636,24
12.03803487023087,24
13.019545399722386,24
17.132924158450724,24
22.620677172518057,24
21.21145051974596,24
20.112672127715776,24
21.126068774842665,24
23.40254230622385,24
22.909634191141322,24
20.677538505409615,24
20.148495794286703,24
20.537170723470453,24
14.302636852533317,24
21.581728951620228,24
11.376253730903553,24
17.097929167373312,24
18.868224598892866,24
16.6615817087074,24
18.67603959814011,24
16.152251659076367,24
14.958461208274022,24
15.335517948816904,24
15.611030812469068,24
16.374645982914586,24
16.527921282967426,24
14.445300166863529,24
14.841089952777383,24
13.954053617139799,24
15.864251355173753,24
11.18450118846022,24
13.213171377358536,24
13.416418287845222,24
15.342624110139953,24
11.003530918349178,24
12.070667059886166,24
14.153763719552861,24
15.283318666978102,24
13.684784301097512,24
15.626150349535182,24
13.699697587618337,24
15.085975868243619,24
16.254551653717265,24
15.464637050762072,24
16.565794980211074,24
19.897504031163685,24
18.24974846835234,24
22.104626806665497,24
21.458092202988826,24
22.633332578781573,24
22.9509835374799,24
21.94115813234242,24
21.253108027378318,24
26.45825755058171,24
22.419021367579735,24
16.376575398708212,24
23.228988793424627,24
14.988002890726689,24
23.865099638250133,24
18.746537223694716,24
20.16878686002639,24
14.801059199848805,24
19.388231138827717,24
17.460382726694206,24
13.989879674489528,24
15.675858890426918,24
15.965883247190412,24
14.573127693049013,24
14.914017553730819,24
14.955491992252695,24
14.313014712977363,24
19.977451292121014,24
15.771562248191584,24
24.376175431984667,24
22.453154305581666,24
22.45508106962881,24
23.893171194540372,24
22.97952681123052,24
19.65559821195393,24
21.739213895695755,24
28.745412949270097,24
27.869834289932225,24
26.613355321415042,24
29.792844119027666,24
26.11717056314032,24
25.30293146666916,24
26.811353151562226,24
28.04631634030303,24
31.952750072582425,24
26.189080542272347,24
26.167120010193518,24
26.271118035512934,24
27.631483049014108,24
23.635775795470188,24
24.91066103063357,24
30.828521156155606,24
24.32769593642616,24
28.334611147350135,24
30.39746932359076,24
25.074563063339518,24
23.16265695988256,24
23.696697318970497,24
